Code,Organisation Name,Status,Date Of Publication,Primary Sector,"Integrated Care Board (where available, from ODS)"
0AR,NHS NORTH OF ENGLAND CSU,22/23 Standards Exceeded,29/06/2023,Commissioning Support Unit (CSU),
0CX,Midlands and Lancashire CSU,22/23 Standards Exceeded,30/06/2023,Commissioning Support Unit (CSU),
0DE,NHS ARDEN AND GREATER EAST MIDLANDS CSU,22/23 Standards Exceeded,27/06/2023,Commissioning Support Unit (CSU),
0DF,"NHS South, Central and West CSU",22/23 Standards Exceeded,22/06/2023,Commissioning Support Unit (CSU),
0DJ,NHS NEL CSU,Not Published,31/03/2022,Commissioning Support Unit (CSU),