,Code,National Grouping,High Level Health Geography,lat,long,Organisation Name,Status,Date Of Publication,Primary Sector,"Integrated Care Board (where available, from ODS)"
0,R0A,Y62,QOP,53.46244,-2.22771,MANCHESTER UNIVERSITY NHS FOUNDATION TRUST,22/23 Standards Met,30/06/2023,NHS Trust,NHS GREATER MANCHESTER INTEGRATED CARE BOARD
1,R0B,Y63,QHM,54.9027696,-1.4087054,SOUTH TYNESIDE AND SUNDERLAND NHS FOUNDATION TRUST (R0B),22/23 Standards Exceeded,15/06/2023,NHS Trust,NHS NORTH EAST AND NORTH CUMBRIA INTEGRATED CARE BOARD
2,R0D,Y58,QVV,50.7213892,-1.972792,UNIVERSITY HOSPITALS DORSET NHS FOUNDATION TRUST,22/23 Approaching Standards,30/06/2023,NHS Trust,NHS DORSET INTEGRATED CARE BOARD
3,R1A,Y60,QGH,52.1921622,-2.179037866666667,Herefordshire and Worcestershire Health and Care NHS Trust,22/23 Standards Exceeded,05/06/2023,NHS Trust,NHS HEREFORDSHIRE AND WORCESTERSHIRE INTEGRATED CARE BOARD
4,R1C,Y59,QRL,50.9016066,-1.3297985,Solent NHS Trust,22/23 Standards Met,30/06/2023,NHS Trust,NHS HAMPSHIRE AND ISLE OF WIGHT INTEGRATED CARE BOARD
5,R1D,Y60,QOC,52.70584,-2.78937,Shropshire Community Health NHS Trust,22/23 Standards Met,27/06/2023,NHS Trust,"NHS SHROPSHIRE, TELFORD AND WREKIN INTEGRATED CARE BOARD"
6,R1F,Y59,QRL,50.711856475,-1.301087275,ISLE OF WIGHT NHS TRUST,22/23 Standards Met,28/06/2023,NHS Trust,NHS HAMPSHIRE AND ISLE OF WIGHT INTEGRATED CARE BOARD
7,R1H,Y56,QMF,51.51717,-0.05605,Barts Health NHS Trust,22/23 Standards Met,30/06/2023,NHS Trust,NHS NORTH EAST LONDON INTEGRATED CARE BOARD
8,R1K,Y56,QRV,51.57518,-0.3215279,LONDON NORTH WEST UNIVERSITY HEALTHCARE NHS TRUST,22/23 Standards Met,30/06/2023,NHS Trust,NHS NORTH WEST LONDON INTEGRATED CARE BOARD
9,R1L,Y61,QH8,51.6310333,0.5396917,ESSEX PARTNERSHIP UNIVERSITY NHS FOUNDATION TRUST,22/23 Standards Met,30/06/2023,NHS Trust,NHS MID AND SOUTH ESSEX INTEGRATED CARE BOARD
10,RA2,Y59,QXU,51.2413044,-0.608939075,ROYAL SURREY COUNTY HOSPITAL NHS FOUNDATION TRUST,22/23 Standards Met,30/06/2023,NHS Trust,NHS SURREY HEARTLANDS INTEGRATED CARE BOARD
11,RA4,Y58,QSL,50.9446928,-2.6344361,YEOVIL DISTRICT HOSPITAL NHS FOUNDATION TRUST,Not Published,28/06/2022,NHS Trust,NHS SOMERSET INTEGRATED CARE BOARD
12,RA7,Y58,QUY,51.45914555,-2.59328625,University Hospitals Bristol and Weston NHS Foundation Trust,22/23 Approaching Standards,30/06/2023,NHS Trust,"BRISTOL, NORTH SOMERSET AND SOUTH GLOUCESTERSHIRE ICB"
13,RA9,Y58,QJK,50.48228603333333,-3.553696333333334,TORBAY AND SOUTH DEVON NHS FOUNDATION TRUST,22/23 Standards Met,30/06/2023,NHS Trust,NHS DEVON INTEGRATED CARE BOARD
14,RAE,Y63,QWO,53.80643576666666,-1.796465166666667,BRADFORD TEACHING HOSPITALS NHS FOUNDATION TRUST,22/23 Standards Met,30/06/2023,NHS Trust,NHS WEST YORKSHIRE INTEGRATED CARE BOARD
15,RAJ,Y61,QH8,51.5542562,0.6883159,MID AND SOUTH ESSEX NHS FOUNDATION TRUST,22/23 Approaching Standards,29/06/2023,NHS Trust,NHS MID AND SOUTH ESSEX INTEGRATED CARE BOARD
16,RAL,Y56,QMJ,51.553116,-0.1652263,ROYAL FREE LONDON NHS FOUNDATION TRUST,22/23 Standards Met,30/06/2023,NHS Trust,NHS NORTH CENTRAL LONDON INTEGRATED CARE BOARD
17,RAN,Y56,QRV,51.63257,-0.31044,ROYAL NATIONAL ORTHOPAEDIC HOSPITAL NHS TRUST,22/23 Standards Met,08/06/2023,NHS Trust,NHS NORTH WEST LONDON INTEGRATED CARE BOARD
18,RAP,Y56,QMJ,51.6134549,-0.0750372,NORTH MIDDLESEX UNIVERSITY HOSPITAL NHS TRUST,22/23 Standards Met,30/06/2023,NHS Trust,NHS NORTH CENTRAL LONDON INTEGRATED CARE BOARD
19,RAS,Y56,QRV,51.5254692,-0.4615325,THE HILLINGDON HOSPITALS NHS FOUNDATION TRUST,22/23 Approaching Standards,30/06/2023,NHS Trust,NHS NORTH WEST LONDON INTEGRATED CARE BOARD
20,RAT,Y56,QMF,51.51858,0.17113,NORTH EAST LONDON NHS FOUNDATION TRUST,22/23 Standards Met,27/06/2023,NHS Trust,NHS NORTH EAST LONDON INTEGRATED CARE BOARD
21,RAX,Y56,QWE,51.4149843,-0.2825102,KINGSTON HOSPITAL NHS FOUNDATION TRUST,22/23 Approaching Standards,23/06/2023,NHS Trust,NHS SOUTH WEST LONDON INTEGRATED CARE BOARD
22,RBD,Y58,QVV,50.71294,-2.44694,DORSET COUNTY HOSPITALS NHS FOUNDATION TRUST,22/23 Standards Met,29/06/2023,NHS Trust,NHS DORSET INTEGRATED CARE BOARD
23,RBK,Y60,QUA,52.582892875,-1.9983942625,WALSALL HEALTHCARE NHS TRUST,22/23 Approaching Standards,27/07/2023,NHS Trust,NHS BLACK COUNTRY INTEGRATED CARE BOARD
24,RBL,Y62,QYG,53.3698806,-3.0956782,WIRRAL UNIVERSITY TEACHING HOSPITAL NHS FOUNDATION TRUST,22/23 Standards Met,29/06/2023,NHS Trust,NHS CHESHIRE AND MERSEYSIDE INTEGRATED CARE BOARD
25,RBN,Y62,QYG,53.4200523,-2.7876834,MERSEY AND WEST LANCASHIRE TEACHING HOSPITALS NHS TRUST,22/23 Standards Met,30/06/2023,NHS Trust,NHS CHESHIRE AND MERSEYSIDE INTEGRATED CARE BOARD
26,RBQ,Y62,QYG,53.41071688,-2.89991586,LIVERPOOL HEART AND CHEST HOSPITAL NHS TRUST,22/23 Standards Met,29/06/2023,NHS Trust,NHS CHESHIRE AND MERSEYSIDE INTEGRATED CARE BOARD
27,RBS,Y62,QYG,53.42125,-2.8978,Alder Hey Children's NHS Foundation Trust,22/23 Standards Met,29/06/2023,NHS Trust,NHS CHESHIRE AND MERSEYSIDE INTEGRATED CARE BOARD
28,RBT,Y62,QYG,53.11924,-2.4762267,MID CHESHIRE HOSPITALS NHS FOUNDATION TRUST,22/23 Standards Met,15/06/2023,NHS Trust,NHS CHESHIRE AND MERSEYSIDE INTEGRATED CARE BOARD
29,RBV,Y62,QOP,53.4296417,-2.2302095,THE CHRISTIE NHS FOUNDATION TRUST,22/23 Standards Met,30/06/2023,NHS Trust,NHS GREATER MANCHESTER INTEGRATED CARE BOARD
30,RC9,Y61,QHG,51.8938451,-0.4742934,Bedfordshire Hospitals NHS Foundation Trust,22/23 Approaching Standards,30/06/2023,NHS Trust,"NHS BEDFORDSHIRE, LUTON AND MILTON KEYNES INTEGRATED CARE BOARD"
31,RCB,Y63,QOQ,53.9705116,-1.0839217,York and Scarborough Teaching Hospitals NHS Foundation Trust,22/23 Standards Met,30/06/2023,NHS Trust,NHS HUMBER AND NORTH YORKSHIRE INTEGRATED CARE BOARD
32,RCD,Y63,QOQ,53.9938316,-1.5180971,HARROGATE AND DISTRICT NHS FOUNDATION TRUST,22/23 Standards Met,29/06/2023,NHS Trust,NHS HUMBER AND NORTH YORKSHIRE INTEGRATED CARE BOARD
33,RCF,Y63,QWO,53.89763915,-1.964989,AIREDALE NHS FOUNDATION TRUST,22/23 Standards Met,30/06/2023,NHS Trust,NHS WEST YORKSHIRE INTEGRATED CARE BOARD
34,RCU,Y63,QF7,53.3805265,-1.4907278,SHEFFIELD CHILDREN'S NHS FOUNDATION TRUST,22/23 Standards Met,28/06/2023,NHS Trust,NHS SOUTH YORKSHIRE INTEGRATED CARE BOARD
35,RCX,Y61,QMM,52.7556864,0.4436087,THE QUEEN ELIZABETH HOSPITAL KING'S LYNN NHS FOUNDATION TRUST,22/23 Approaching Standards,30/06/2023,NHS Trust,NHS NORFOLK AND WAVENEY INTEGRATED CARE BOARD
36,RD1,Y58,QOX,51.39222078,-2.39161986,ROYAL UNITED HOSPITAL BATH NHS TRUST,22/23 Standards Met,21/06/2023,NHS Trust,"NHS BATH AND NORTH EAST SOMERSET, SWINDON AND WILTSHIRE INTEGRATED CARE BOARD"
37,RD8,Y61,QHG,52.0262824,-0.7359102,Milton Keynes University Hospital NHS Foundation Trust,22/23 Standards Met,30/06/2023,NHS Trust,"NHS BEDFORDSHIRE, LUTON AND MILTON KEYNES INTEGRATED CARE BOARD"
38,RDE,Y61,QJG,51.9098515,0.8989391,East Suffolk and North Essex Foundation Trust,22/23 Approaching Standards,29/06/2023,NHS Trust,NHS SUFFOLK AND NORTH EAST ESSEX INTEGRATED CARE BOARD
39,RDR,Y59,QNX,50.8304868,-0.1138012,Sussex Community NHS Foundation Trust,22/23 Standards Met,30/06/2023,NHS Trust,NHS SUSSEX INTEGRATED CARE BOARD
40,RDU,Y59,QNQ,51.31974986666667,-0.7415174,FRIMLEY HEALTH NHS FOUNDATION TRUST,22/23 Standards Met,29/06/2023,NHS Trust,NHS FRIMLEY INTEGRATED CARE BOARD
41,RDY,Y58,QVV,50.73927275,-1.9801659,DORSET HEALTHCARE UNIVERSITY NHS FOUNDATION TRUST,22/23 Standards Met,30/06/2023,NHS Trust,NHS DORSET INTEGRATED CARE BOARD
42,REF,Y58,QT6,50.2663955,-5.0931487,ROYAL CORNWALL HOSPITALS NHS TRUST,22/23 Standards Met,27/06/2023,NHS Trust,NHS CORNWALL AND THE ISLES OF SCILLY INTEGRATED CARE BOARD
43,REM,Y62,QYG,53.41079556666667,-2.9629939,LIVERPOOL UNIVERSITY HOSPITALS NHS FOUNDATION TRUST,22/23 Standards Met,30/06/2023,NHS Trust,NHS CHESHIRE AND MERSEYSIDE INTEGRATED CARE BOARD
44,REN,Y62,QYG,53.3316004,-3.0253121,CLATTERBRIDGE CANCER CENTRE NHS FOUNDATION TRUST,22/23 Standards Exceeded,30/06/2023,NHS Trust,NHS CHESHIRE AND MERSEYSIDE INTEGRATED CARE BOARD
45,REP,Y62,QYG,53.39846,-2.96008,LIVERPOOL WOMENS HOSPITAL NHS TRUST,22/23 Standards Met,30/06/2023,NHS Trust,NHS CHESHIRE AND MERSEYSIDE INTEGRATED CARE BOARD
46,RET,Y62,QYG,53.4664,-2.931,THE WALTON CENTRE NHS FOUNDATION TRUST,22/23 Standards Met,30/06/2023,NHS Trust,NHS CHESHIRE AND MERSEYSIDE INTEGRATED CARE BOARD
47,RF4,Y56,QMF,51.56820595,0.18083295,"BARKING, HAVERING AND REDBRIDGE HOSPITALS NHS TRUST",22/23 Approaching Standards,29/06/2023,NHS Trust,NHS NORTH EAST LONDON INTEGRATED CARE BOARD
48,RFF,Y63,QF7,53.55913,-1.49949,BARNSLEY HOSPITAL NHS FOUNDATION TRUST,22/23 Standards Met,26/06/2023,NHS Trust,NHS SOUTH YORKSHIRE INTEGRATED CARE BOARD
49,RFR,Y63,QF7,53.41397,-1.34288,THE ROTHERHAM NHS FOUNDATION TRUST,22/23 Standards Met,26/06/2023,NHS Trust,NHS SOUTH YORKSHIRE INTEGRATED CARE BOARD
50,RFS,Y60,QJ2,53.23621,-1.40005,CHESTERFIELD ROYAL HOSPITAL NHS FOUNDATION TRUST,22/23 Standards Met,30/06/2023,NHS Trust,NHS DERBY AND DERBYSHIRE INTEGRATED CARE BOARD
51,RGD,Y63,QWO,53.82104,-1.53496,LEEDS AND YORK PARTNERSHIP NHS FOUNDATION TRUST,22/23 Standards Met,26/06/2023,NHS Trust,NHS WEST YORKSHIRE INTEGRATED CARE BOARD
52,RGM,Y61,QUE,52.1735144,0.1359492,ROYAL PAPWORTH HOSPITAL NHS FOUNDATION TRUST,22/23 Standards Met,16/06/2023,NHS Trust,NHS CAMBRIDGESHIRE AND PETERBOROUGH INTEGRATED CARE BOARD
53,RGN,Y61,QUE,52.5846459,-0.2788728888888889,NORTH WEST ANGLIA NHS FOUNDATION TRUST,22/23 Approaching Standards,12/07/2023,NHS Trust,NHS CAMBRIDGESHIRE AND PETERBOROUGH INTEGRATED CARE BOARD
54,RGP,Y61,QMM,52.5616405,1.7176868,JAMES PAGET UNIVERSITY HOSPITALS NHS FOUNDATION TRUST,22/23 Standards Exceeded,29/06/2023,NHS Trust,NHS NORFOLK AND WAVENEY INTEGRATED CARE BOARD
55,RGR,Y61,QJG,52.231652966666665,0.7091504333333333,WEST SUFFOLK NHS FOUNDATION TRUST,22/23 Approaching Standards,20/07/2023,NHS Trust,NHS SUFFOLK AND NORTH EAST ESSEX INTEGRATED CARE BOARD
56,RGT,Y61,QUE,52.17374,0.13911,CAMBRIDGE UNIVERSITY HOSPITALS NHS FOUNDATION TRUST,22/23 Approaching Standards,30/06/2023,NHS Trust,NHS CAMBRIDGESHIRE AND PETERBOROUGH INTEGRATED CARE BOARD
57,RH5,Y58,QSL,51.01131495,-3.1194584,SOMERSET NHS FOUNDATION TRUST,22/23 Standards Exceeded,29/06/2023,NHS Trust,NHS SOMERSET INTEGRATED CARE BOARD
58,RH8,Y58,QJK,50.717541133333334,-3.5083626,ROYAL DEVON UNIVERSITY HEALTHCARE NHS FOUNDATION TRUST,22/23 Approaching Standards,26/06/2023,NHS Trust,NHS DEVON INTEGRATED CARE BOARD
59,RHA,Y60,QT1,52.9794709,-1.1265417,Nottinghamshire Healthcare NHS Foundation Trust,22/23 Standards Met,28/06/2023,NHS Trust,NHS NOTTINGHAM AND NOTTINGHAMSHIRE INTEGRATED CARE BOARD
60,RHM,Y59,QRL,50.93284145,-1.4341999833333334,University Hospitals Southampton NHS Foundation Trust,22/23 Approaching Standards,15/06/2023,NHS Trust,NHS HAMPSHIRE AND ISLE OF WIGHT INTEGRATED CARE BOARD
61,RHQ,Y63,QF7,53.40992015,-1.45673255,SHEFFIELD TEACHING HOSPITALS NHS FOUNDATION TRUST,22/23 Standards Met,21/06/2023,NHS Trust,NHS SOUTH YORKSHIRE INTEGRATED CARE BOARD
62,RHU,Y59,QRL,50.84952205,-1.071349575,PORTSMOUTH HOSPITALS UNIVERSITY NHS TRUST,22/23 Approaching Standards,30/06/2023,NHS Trust,NHS HAMPSHIRE AND ISLE OF WIGHT INTEGRATED CARE BOARD
63,RHW,Y59,QU9,51.45009923333333,-0.9579968333333334,ROYAL BERKSHIRE NHS FOUNDATION TRUST,22/23 Approaching Standards,14/07/2023,NHS Trust,"NHS BUCKINGHAMSHIRE, OXFORDSHIRE AND BERKSHIRE WEST INTEGRATED CARE BOARD"
64,RJ1,Y56,QKK,51.49869091,-0.11902803999999999,GUY'S AND ST THOMAS' NHS FOUNDATION TRUST,22/23 Approaching Standards,29/06/2023,NHS Trust,NHS SOUTH EAST LONDON INTEGRATED CARE BOARD
65,RJ2,Y56,QKK,51.4537118,-0.01769825,Lewisham and Greenwich NHS Trust,22/23 Standards Met,29/06/2023,NHS Trust,NHS SOUTH EAST LONDON INTEGRATED CARE BOARD
66,RJ6,Y56,QWE,51.3900178,-0.1102686,Croydon Health Services NHS Trust,22/23 Approaching Standards,30/06/2023,NHS Trust,NHS SOUTH WEST LONDON INTEGRATED CARE BOARD
67,RJ7,Y56,QWE,51.42662115,-0.17463486666666667,St George's University Hospitals NHS Foundation Trust,22/23 Approaching Standards,30/06/2023,NHS Trust,NHS SOUTH WEST LONDON INTEGRATED CARE BOARD
68,RJ8,Y58,QT6,50.47176,-4.74082,CORNWALL PARTNERSHIP NHS FOUNDATION TRUST,22/23 Standards Met,29/06/2023,NHS Trust,NHS CORNWALL AND THE ISLES OF SCILLY INTEGRATED CARE BOARD
69,RJC,Y60,QWU,52.289886,-1.5847948,SOUTH WARWICKSHIRE NHS FOUNDATION TRUST,22/23 Standards Exceeded,28/06/2023,NHS Trust,NHS COVENTRY AND WARWICKSHIRE INTEGRATED CARE BOARD
70,RJE,Y60,QNC,53.00167625,-2.2129189,UNIVERSITY HOSPITALS OF NORTH MIDLANDS NHS TRUST,22/23 Approaching Standards,29/06/2023,NHS Trust,NHS STAFFORDSHIRE AND STOKE-ON-TRENT INTEGRATED CARE BOARD
71,RJL,Y63,QOQ,53.54486,-0.09623,NORTHERN LINCOLNSHIRE AND GOOLE NHS FOUNDATION TRUST,22/23 Approaching Standards,30/06/2023,NHS Trust,NHS HUMBER AND NORTH YORKSHIRE INTEGRATED CARE BOARD
72,RJN,Y62,QYG,53.26247105,-2.1404771,EAST CHESHIRE NHS TRUST,22/23 Standards Met,28/06/2023,NHS Trust,NHS CHESHIRE AND MERSEYSIDE INTEGRATED CARE BOARD
73,RJR,Y62,QYG,53.20984215,-2.8994141,COUNTESS OF CHESTER HOSPITAL NHS FOUNDATION TRUST,22/23 Approaching Standards,29/06/2023,NHS Trust,NHS CHESHIRE AND MERSEYSIDE INTEGRATED CARE BOARD
74,RJZ,Y56,QKK,51.468693075,-0.093666925,KING'S COLLEGE HOSPITAL NHS FOUNDATION TRUST,22/23 Standards Met,04/07/2023,NHS Trust,NHS SOUTH EAST LONDON INTEGRATED CARE BOARD
75,RK5,Y60,QT1,53.1357303,-1.2358982,SHERWOOD FOREST HOSPITALS NHS FOUNDATION TRUST,22/23 Standards Met,29/06/2023,NHS Trust,NHS NOTTINGHAM AND NOTTINGHAMSHIRE INTEGRATED CARE BOARD
76,RK9,Y58,QJK,50.4160585,-4.114495,University Hospitals Plymouth NHS Trust,22/23 Approaching Standards,20/06/2023,NHS Trust,NHS DEVON INTEGRATED CARE BOARD
77,RKB,Y60,QWU,52.4217835,-1.4365906,UNIVERSITY HOSPITALS COVENTRY AND WARWICKSHIRE NHS TRUST,22/23 Standards Met,28/06/2023,NHS Trust,NHS COVENTRY AND WARWICKSHIRE INTEGRATED CARE BOARD
78,RKE,Y56,QMJ,51.5665599,-0.1393414,WHITTINGTON HEALTH NHS TRUST,22/23 Approaching Standards,18/07/2023,NHS Trust,NHS NORTH CENTRAL LONDON INTEGRATED CARE BOARD
79,RKL,Y56,QRV,51.5066106,-0.3628311,WEST LONDON NHS TRUST,22/23 Standards Met,30/06/2023,NHS Trust,NHS NORTH WEST LONDON INTEGRATED CARE BOARD
80,RL1,Y60,QOC,52.88421,-3.03269,The Robert Jones & Agnes Hunt Orthopaedic Hospital NHS Foundation Trust,22/23 Standards Met,29/06/2023,NHS Trust,"NHS SHROPSHIRE, TELFORD AND WREKIN INTEGRATED CARE BOARD"
81,RL4,Y60,QUA,52.59972,-2.09556,THE ROYAL WOLVERHAMPTON NHS TRUST,22/23 Standards Met,28/06/2023,NHS Trust,NHS BLACK COUNTRY INTEGRATED CARE BOARD
82,RLQ,Y60,QGH,52.05701,-2.70571,WYE VALLEY NHS TRUST (RLQ),22/23 Approaching Standards,16/06/2023,NHS Trust,NHS HEREFORDSHIRE AND WORCESTERSHIRE INTEGRATED CARE BOARD
83,RLT,Y60,QWU,52.51258,-1.47844,GEORGE ELIOT HOSPITAL NHS TRUST,22/23 Approaching Standards,30/06/2023,NHS Trust,NHS COVENTRY AND WARWICKSHIRE INTEGRATED CARE BOARD
84,RLY,Y60,QNC,52.9699,-2.16722,NORTH STAFFORDSHIRE COMBINED HEALTHCARE NHS TRUST,22/23 Standards Met,27/06/2023,NHS Trust,NHS STAFFORDSHIRE AND STOKE-ON-TRENT INTEGRATED CARE BOARD
85,RM1,Y61,QMM,52.6172528,1.22130875,NORFOLK AND NORWICH UNIVERSITY HOSPITALS NHS FOUNDATION TRUST,22/23 Standards Met,30/06/2023,NHS Trust,NHS NORFOLK AND WAVENEY INTEGRATED CARE BOARD
86,RM3,Y62,QOP,53.4874685,-2.3243642,Northern Care Alliance NHS Foundation Trust,22/23 Standards Met,30/06/2023,NHS Trust,NHS GREATER MANCHESTER INTEGRATED CARE BOARD
87,RMC,Y62,QOP,53.5522814,-2.42954,BOLTON NHS FOUNDATION TRUST,22/23 Standards Met,23/06/2023,NHS Trust,NHS GREATER MANCHESTER INTEGRATED CARE BOARD
88,RMP,Y62,QOP,53.49153,-2.07143,TAMESIDE AND GLOSSOP INTEGRATED CARE NHS FOUNDATION TRUST,22/23 Approaching Standards,30/06/2023,NHS Trust,NHS GREATER MANCHESTER INTEGRATED CARE BOARD
89,RMY,Y61,QMM,52.6596812,1.2513472,NORFOLK AND SUFFOLK NHS FOUNDATION TRUST,22/23 Standards Met,19/06/2023,NHS Trust,NHS NORFOLK AND WAVENEY INTEGRATED CARE BOARD
90,RN3,Y58,QOX,51.5384852,-1.7263778,GREAT WESTERN HOSPITALS NHS FOUNDATION TRUST,22/23 Standards Met,29/06/2023,NHS Trust,"NHS BATH AND NORTH EAST SOMERSET, SWINDON AND WILTSHIRE INTEGRATED CARE BOARD"
91,RN5,Y59,QRL,51.2818737,-1.110541875,HAMPSHIRE HOSPITALS NHS FOUNDATION TRUST,22/23 Standards Met,30/06/2023,NHS Trust,NHS HAMPSHIRE AND ISLE OF WIGHT INTEGRATED CARE BOARD
92,RN7,Y59,QKS,51.4349928,0.2602607,DARTFORD AND GRAVESHAM NHS TRUST,22/23 Standards Met,30/06/2023,NHS Trust,NHS KENT AND MEDWAY INTEGRATED CARE BOARD
93,RNA,Y60,QUA,52.5024733,-2.12124055,THE DUDLEY GROUP NHS FOUNDATION TRUST,22/23 Standards Met,27/06/2023,NHS Trust,NHS BLACK COUNTRY INTEGRATED CARE BOARD
94,RNK,Y56,QMJ,51.5469,-0.17544,TAVISTOCK AND PORTMAN NHS FOUNDATION TRUST,22/23 Approaching Standards,29/06/2023,NHS Trust,NHS NORTH CENTRAL LONDON INTEGRATED CARE BOARD
95,RNN,Y63,QHM,54.896737,-2.9583574,North Cumbria Integrated Care NHS Foundation Trust,22/23 Standards Met,28/06/2023,NHS Trust,NHS NORTH EAST AND NORTH CUMBRIA INTEGRATED CARE BOARD
96,RNQ,Y60,QPM,52.40246875,-0.7427838,KETTERING GENERAL HOSPITAL NHS FOUNDATION TRUST,22/23 Standards Met,29/06/2023,NHS Trust,NHS NORTHAMPTONSHIRE INTEGRATED CARE BOARD
97,RNS,Y60,QPM,52.2362387,-0.8839991,NORTHAMPTON GENERAL HOSPITAL NHS TRUST,22/23 Standards Met,29/06/2023,NHS Trust,NHS NORTHAMPTONSHIRE INTEGRATED CARE BOARD
98,RNU,Y59,QU9,51.7508399,-1.22232,OXFORD HEALTH NHS FOUNDATION TRUST,22/23 Standards Met,30/06/2023,NHS Trust,"NHS BUCKINGHAMSHIRE, OXFORDSHIRE AND BERKSHIRE WEST INTEGRATED CARE BOARD"
99,RNZ,Y58,QOX,51.04395,-1.78982,SALISBURY NHS FOUNDATION TRUST,22/23 Standards Met,30/06/2023,NHS Trust,"NHS BATH AND NORTH EAST SOMERSET, SWINDON AND WILTSHIRE INTEGRATED CARE BOARD"
100,RP1,Y60,QPM,52.3937272,-0.7206623,NORTHAMPTONSHIRE HEALTHCARE NHS FOUNDATION TRUST,22/23 Standards Met,28/06/2023,NHS Trust,NHS NORTHAMPTONSHIRE INTEGRATED CARE BOARD
101,RP4,Y56,QMJ,51.5222431,-0.12045525,Great Ormond Street Hospital for Children NHS Foundation Trust,22/23 Standards Met,28/06/2023,NHS Trust,NHS NORTH CENTRAL LONDON INTEGRATED CARE BOARD
102,RP5,Y63,QF7,53.53078,-1.10894,DONCASTER AND BASSETLAW TEACHING HOSPITALS NHS FOUNDATION TRUST,22/23 Standards Met,29/06/2023,NHS Trust,NHS SOUTH YORKSHIRE INTEGRATED CARE BOARD
103,RP6,Y56,QMJ,51.5272967,-0.0901355,MOORFIELDS EYE HOSPITAL NHS FOUNDATION TRUST,22/23 Standards Met,30/06/2023,NHS Trust,NHS NORTH CENTRAL LONDON INTEGRATED CARE BOARD
104,RP7,Y60,QJM,53.24403,-0.55691,LINCOLNSHIRE PARTNERSHIP NHS FOUNDATION TRUST,22/23 Standards Met,06/06/2023,NHS Trust,NHS LINCOLNSHIRE INTEGRATED CARE BOARD
105,RPA,Y59,QKS,51.3798003,0.5416386,MEDWAY NHS FOUNDATION TRUST,22/23 Approaching Standards,29/06/2023,NHS Trust,NHS KENT AND MEDWAY INTEGRATED CARE BOARD
106,RPC,Y59,QNX,51.13552387222222,-0.001661988888888889,THE QUEEN VICTORIA HOSPITAL NHS FOUNDATION TRUST,22/23 Standards Met,09/06/2023,NHS Trust,NHS SUSSEX INTEGRATED CARE BOARD
107,RPG,Y59,QKS,51.43479,0.17474,OXLEAS NHS FOUNDATION TRUST,22/23 Standards Met,29/06/2023,NHS Trust,NHS SOUTH EAST LONDON INTEGRATED CARE BOARD
108,RPY,Y56,QRV,51.49056,-0.17257,THE ROYAL MARSDEN NHS FOUNDATION TRUST,22/23 Standards Met,30/06/2023,NHS Trust,NHS NORTH WEST LONDON INTEGRATED CARE BOARD
109,RQ3,Y60,QHL,52.4849032,-1.89424115,Birmingham Women?s and Children?s NHS Foundation Trust,22/23 Standards Met,29/06/2023,NHS Trust,NHS BIRMINGHAM AND SOLIHULL INTEGRATED CARE BOARD
111,RQM,Y56,QRV,51.4842839,-0.181603,CHELSEA AND WESTMINSTER HOSPITAL NHS FOUNDATION TRUST,22/23 Standards Met,29/06/2023,NHS Trust,NHS NORTH WEST LONDON INTEGRATED CARE BOARD
112,RQW,Y61,QM7,51.77153,0.08546,THE PRINCESS ALEXANDRA HOSPITAL NHS TRUST,22/23 Standards Met,27/06/2023,NHS Trust,NHS HERTFORDSHIRE AND WEST ESSEX INTEGRATED CARE BOARD
113,RQX,Y56,QMF,51.55005385,-0.0459811,Homerton Healthcare NHS Foundation Trust,22/23 Approaching Standards,03/07/2023,NHS Trust,NHS NORTH EAST LONDON INTEGRATED CARE BOARD
114,RQY,Y56,QWE,51.43736,-0.17237,SOUTH WEST LONDON AND ST GEORGE'S MENTAL HEALTH NHS TRUST,22/23 Standards Met,20/06/2023,NHS Trust,NHS SOUTH WEST LONDON INTEGRATED CARE BOARD
115,RR7,Y63,QHM,54.93784345,-1.58111405,GATESHEAD HEALTH NHS FOUNDATION TRUST,22/23 Standards Met,30/06/2023,NHS Trust,NHS NORTH EAST AND NORTH CUMBRIA INTEGRATED CARE BOARD
116,RR8,Y63,QWO,53.8069351,-1.521480325,THE LEEDS TEACHING HOSPITALS NHS TRUST,22/23 Standards Met,21/06/2023,NHS Trust,NHS WEST YORKSHIRE INTEGRATED CARE BOARD
117,RRE,Y60,QNC,52.81063,-2.10927,MIDLANDS PARTNERSHIP NHS FOUNDATION TRUST (RRE),22/23 Standards Met,30/06/2023,NHS Trust,NHS STAFFORDSHIRE AND STOKE-ON-TRENT INTEGRATED CARE BOARD
118,RRF,Y62,QOP,53.5578171,-2.6296517,"Wrightington, Wigan and Leigh Teaching Hospitals NHS Foundation Trust",22/23 Standards Met,22/06/2023,NHS Trust,NHS GREATER MANCHESTER INTEGRATED CARE BOARD
119,RRJ,Y60,QHL,52.4211275,-1.9607413,THE ROYAL ORTHOPAEDIC HOSPITAL NHS FOUNDATION TRUST,22/23 Approaching Standards,29/06/2023,NHS Trust,NHS BIRMINGHAM AND SOLIHULL INTEGRATED CARE BOARD
120,RRK,Y60,QHL,52.4532961,-1.9384003,UNIVERSITY HOSPITALS BIRMINGHAM NHS FOUNDATION TRUST,22/23 Approaching Standards,20/07/2023,NHS Trust,NHS BIRMINGHAM AND SOLIHULL INTEGRATED CARE BOARD
121,RRP,Y56,QMJ,51.5798282,-0.0898069,"BARNET, ENFIELD AND HARINGEY MENTAL HEALTH NHS TRUST",22/23 Standards Met,30/06/2023,NHS Trust,NHS NORTH CENTRAL LONDON INTEGRATED CARE BOARD
122,RRU,Y56,QKK,51.50017,-0.10903,LONDON AMBULANCE SERVICE NHS TRUST,22/23 Standards Met,28/06/2023,NHS Trust,NHS SOUTH EAST LONDON INTEGRATED CARE BOARD
123,RRV,Y56,QMJ,51.52573,-0.13741,UNIVERSITY COLLEGE LONDON HOSPITALS NHS FOUNDATION TRUST,22/23 Standards Met,30/06/2023,NHS Trust,NHS NORTH CENTRAL LONDON INTEGRATED CARE BOARD
124,RT1,Y61,QUE,52.1848097,0.188339,CAMBRIDGESHIRE AND PETERBOROUGH NHS FOUNDATION TRUST,22/23 Standards Met,30/06/2023,NHS Trust,NHS CAMBRIDGESHIRE AND PETERBOROUGH INTEGRATED CARE BOARD
125,RT2,Y62,QOP,53.48581,-2.09998,PENNINE CARE NHS FOUNDATION TRUST,22/23 Standards Met,29/06/2023,NHS Trust,NHS GREATER MANCHESTER INTEGRATED CARE BOARD
127,RT5,Y60,QK1,52.6765,-1.1030199,LEICESTERSHIRE PARTNERSHIP NHS TRUST,22/23 Standards Met,30/06/2023,NHS Trust,"NHS LEICESTER, LEICESTERSHIRE AND RUTLAND INTEGRATED CARE BOARD"
128,RTD,Y63,QHM,55.002468,-1.5937828,THE NEWCASTLE UPON TYNE HOSPITALS NHS FOUNDATION TRUST,22/23 Standards Met,03/07/2023,NHS Trust,NHS NORTH EAST AND NORTH CUMBRIA INTEGRATED CARE BOARD
129,RTE,Y58,QR1,51.8921411,-2.0719683,GLOUCESTERSHIRE HOSPITALS NHS FOUNDATION TRUST,22/23 Approaching Standards,30/06/2023,NHS Trust,NHS GLOUCESTERSHIRE INTEGRATED CARE BOARD
130,RTF,Y63,QHM,55.0264714,-1.4653033,NORTHUMBRIA HEALTHCARE NHS FOUNDATION TRUST,22/23 Standards Met,29/06/2023,NHS Trust,NHS NORTH EAST AND NORTH CUMBRIA INTEGRATED CARE BOARD
131,RTG,Y60,QJ2,52.91076916923077,-1.5138255923076924,UNIVERSITY HOSPITALS OF DERBY AND BURTON NHS FOUNDATION TRUST,22/23 Standards Met,26/06/2023,NHS Trust,NHS DERBY AND DERBYSHIRE INTEGRATED CARE BOARD
132,RTH,Y59,QU9,51.7649387,-1.2204422,OXFORD UNIVERSITY HOSPITALS NHS FOUNDATION TRUST,22/23 Standards Met,30/06/2023,NHS Trust,"NHS BUCKINGHAMSHIRE, OXFORDSHIRE AND BERKSHIRE WEST INTEGRATED CARE BOARD"
133,RTK,Y59,QXU,51.3766453,-0.5262388,ASHFORD AND ST PETER'S HOSPITALS NHS FOUNDATION TRUST,22/23 Standards Met,30/06/2023,NHS Trust,NHS SURREY HEARTLANDS INTEGRATED CARE BOARD
134,RTP,Y59,QXU,51.21919,-0.1620099,SURREY AND SUSSEX HEALTHCARE NHS TRUST,22/23 Standards Met,29/06/2023,NHS Trust,NHS SURREY HEARTLANDS INTEGRATED CARE BOARD
135,RTQ,Y58,QR1,51.8471078,-2.17648,Gloucestershire Health and Care NHS Foundation Trust,22/23 Standards Exceeded,30/06/2023,NHS Trust,NHS GLOUCESTERSHIRE INTEGRATED CARE BOARD
136,RTR,Y63,QHM,54.55172303333334,-1.2146764666666665,SOUTH TEES HOSPITALS NHS FOUNDATION TRUST,22/23 Standards Met,30/06/2023,NHS Trust,NHS NORTH EAST AND NORTH CUMBRIA INTEGRATED CARE BOARD
137,RTX,Y62,QE1,54.3066377,-2.7324755,UNIVERSITY HOSPITALS OF MORECAMBE BAY NHS FOUNDATION TRUST,22/23 Standards Met,29/06/2023,NHS Trust,NHS LANCASHIRE AND SOUTH CUMBRIA INTEGRATED CARE BOARD
138,RV3,Y56,QMJ,51.52430765,-0.14213205,CENTRAL AND NORTH WEST LONDON NHS FOUNDATION TRUST,22/23 Standards Met,26/06/2023,NHS Trust,NHS NORTH CENTRAL LONDON INTEGRATED CARE BOARD
139,RV5,Y56,QKK,51.3826416,-0.0311969,SOUTH LONDON AND MAUDSLEY NHS FOUNDATION TRUST,22/23 Standards Met,27/06/2023,NHS Trust,NHS SOUTH EAST LONDON INTEGRATED CARE BOARD
140,RV9,Y63,QOQ,53.772057,-0.4446037,HUMBER TEACHING NHS FOUNDATION TRUST,22/23 Standards Met,30/06/2023,NHS Trust,NHS HUMBER AND NORTH YORKSHIRE INTEGRATED CARE BOARD
141,RVJ,Y58,QUY,51.4967790875,-2.5921612625,NORTH BRISTOL NHS TRUST,22/23 Standards Met,13/06/2023,NHS Trust,"BRISTOL, NORTH SOMERSET AND SOUTH GLOUCESTERSHIRE ICB"
142,RVN,Y58,QOX,51.3885999,-2.39231,AVON AND WILTSHIRE MENTAL HEALTH PARTNERSHIP NHS TRUST,22/23 Standards Met,28/06/2023,NHS Trust,"NHS BATH AND NORTH EAST SOMERSET, SWINDON AND WILTSHIRE INTEGRATED CARE BOARD"
143,RVR,Y56,QWE,51.380458825,-0.184936225,EPSOM AND ST HELIER UNIVERSITY HOSPITALS NHS TRUST,22/23 Approaching Standards,30/06/2023,NHS Trust,NHS SOUTH WEST LONDON INTEGRATED CARE BOARD
144,RVV,Y59,QKS,51.26644185,1.08817555,EAST KENT HOSPITALS UNIVERSITY NHS FOUNDATION TRUST,22/23 Standards Exceeded,06/06/2023,NHS Trust,NHS KENT AND MEDWAY INTEGRATED CARE BOARD
145,RVW,Y63,QHM,54.7021082,-1.228027,NORTH TEES AND HARTLEPOOL NHS FOUNDATION TRUST,22/23 Standards Met,29/06/2023,NHS Trust,NHS NORTH EAST AND NORTH CUMBRIA INTEGRATED CARE BOARD
146,RW1,Y59,QRL,50.93065535,-1.5274733,SOUTHERN HEALTH NHS FOUNDATION TRUST,22/23 Standards Exceeded,28/06/2023,NHS Trust,NHS HAMPSHIRE AND ISLE OF WIGHT INTEGRATED CARE BOARD
147,RW4,Y62,QYG,53.42402,-2.82642,MERSEY CARE NHS FOUNDATION TRUST,22/23 Standards Exceeded,30/06/2023,NHS Trust,NHS CHESHIRE AND MERSEYSIDE INTEGRATED CARE BOARD
148,RW5,Y62,QE1,53.71864585,-2.64102015,LANCASHIRE AND SOUTH CUMBRIA NHS FOUNDATION TRUST,22/23 Standards Met,29/06/2023,NHS Trust,NHS LANCASHIRE AND SOUTH CUMBRIA INTEGRATED CARE BOARD
149,RWA,Y63,QOQ,53.7439724,-0.3542056,Hull University Teaching Hospitals NHS Trust,22/23 Approaching Standards,30/06/2023,NHS Trust,NHS HUMBER AND NORTH YORKSHIRE INTEGRATED CARE BOARD
150,RWD,Y60,QJM,53.23358,-0.51964,UNITED LINCOLNSHIRE HOSPITALS NHS TRUST,22/23 Approaching Standards,13/07/2023,NHS Trust,NHS LINCOLNSHIRE INTEGRATED CARE BOARD
151,RWE,Y60,QK1,52.6282994,-1.1356811,UNIVERSITY HOSPITALS OF LEICESTER NHS TRUST,22/23 Standards Met,30/06/2023,NHS Trust,"NHS LEICESTER, LEICESTERSHIRE AND RUTLAND INTEGRATED CARE BOARD"
152,RWF,Y59,QKS,51.274735,0.484431,MAIDSTONE AND TUNBRIDGE WELLS NHS TRUST,22/23 Approaching Standards,29/06/2023,NHS Trust,NHS KENT AND MEDWAY INTEGRATED CARE BOARD
153,RWG,Y61,QM7,51.6489199,-0.40419,WEST HERTFORDSHIRE HOSPITALS NHS TRUST,22/23 Approaching Standards,30/06/2023,NHS Trust,NHS HERTFORDSHIRE AND WEST ESSEX INTEGRATED CARE BOARD
154,RWH,Y61,QM7,51.9244338,-0.2121547,EAST AND NORTH HERTFORDSHIRE NHS TRUST,22/23 Approaching Standards,30/06/2023,NHS Trust,NHS HERTFORDSHIRE AND WEST ESSEX INTEGRATED CARE BOARD
155,RWJ,Y62,QOP,53.38378,-2.1320199,STOCKPORT NHS FOUNDATION TRUST,22/23 Standards Met,30/06/2023,NHS Trust,NHS GREATER MANCHESTER INTEGRATED CARE BOARD
156,RWK,Y56,QMF,51.51350176666667,-0.07228753333333333,EAST LONDON NHS FOUNDATION TRUST,22/23 Standards Met,30/06/2023,NHS Trust,NHS NORTH EAST LONDON INTEGRATED CARE BOARD
157,RWP,Y60,QGH,52.1920982,-2.18398915,WORCESTERSHIRE ACUTE HOSPITALS NHS TRUST,22/23 Approaching Standards,16/08/2023,NHS Trust,NHS HEREFORDSHIRE AND WORCESTERSHIRE INTEGRATED CARE BOARD
158,RWR,Y61,QM7,51.7669801,-0.2166447,HERTFORDSHIRE PARTNERSHIP UNIVERSITY NHS FOUNDATION TRUST,22/23 Standards Met,28/06/2023,NHS Trust,NHS HERTFORDSHIRE AND WEST ESSEX INTEGRATED CARE BOARD
159,RWV,Y58,QJK,50.7155182,-3.5064242,DEVON PARTNERSHIP NHS TRUST,22/23 Standards Exceeded,27/06/2023,NHS Trust,NHS DEVON INTEGRATED CARE BOARD
160,RWW,Y62,QYG,53.394512125,-2.610288075,Warrington and Halton Hospitals NHS Foundation Trust,22/23 Approaching Standards,10/08/2023,NHS Trust,NHS CHESHIRE AND MERSEYSIDE INTEGRATED CARE BOARD
161,RWX,Y59,QNQ,51.4162039,-0.739521,BERKSHIRE HEALTHCARE NHS FOUNDATION TRUST,22/23 Standards Exceeded,28/06/2023,NHS Trust,NHS FRIMLEY INTEGRATED CARE BOARD
162,RWY,Y63,QWO,53.65547,-1.81634,CALDERDALE AND HUDDERSFIELD NHS FOUNDATION TRUST,22/23 Standards Met,30/06/2023,NHS Trust,NHS WEST YORKSHIRE INTEGRATED CARE BOARD
163,RX1,Y60,QT1,52.9434616,-1.1854889294117645,NOTTINGHAM UNIVERSITY HOSPITALS NHS TRUST,22/23 Approaching Standards,17/08/2023,NHS Trust,NHS NOTTINGHAM AND NOTTINGHAMSHIRE INTEGRATED CARE BOARD
164,RX2,Y59,QNX,50.8412951,-0.4110296,SUSSEX PARTNERSHIP NHS FOUNDATION TRUST,22/23 Standards Met,28/06/2023,NHS Trust,NHS SUSSEX INTEGRATED CARE BOARD
165,RX3,Y63,QHM,54.5432286,-1.5912038,"TEES, ESK AND WEAR VALLEYS NHS FOUNDATION TRUST",22/23 Approaching Standards,30/06/2023,NHS Trust,NHS NORTH EAST AND NORTH CUMBRIA INTEGRATED CARE BOARD
166,RX4,Y63,QHM,55.00649,-1.6331,"CUMBRIA, NORTHUMBERLAND, TYNE AND WEAR NHS FOUNDATION TRUST",22/23 Standards Met,30/06/2023,NHS Trust,NHS NORTH EAST AND NORTH CUMBRIA INTEGRATED CARE BOARD
167,RX6,Y63,QHM,54.96877165,-1.7109424,NORTH EAST AMBULANCE SERVICE NHS FOUNDATION TRUST,22/23 Standards Met,30/06/2023,NHS Trust,NHS NORTH EAST AND NORTH CUMBRIA INTEGRATED CARE BOARD
168,RX7,Y62,QOP,53.579,-2.47581,NORTH WEST AMBULANCE SERVICE NHS TRUST,22/23 Approaching Standards,05/07/2023,NHS Trust,NHS GREATER MANCHESTER INTEGRATED CARE BOARD
169,RX8,Y63,QWO,53.708506533333335,-1.5179028,YORKSHIRE AMBULANCE SERVICE NHS TRUST,22/23 Standards Met,29/06/2023,NHS Trust,NHS WEST YORKSHIRE INTEGRATED CARE BOARD
170,RX9,Y60,QT1,52.98152207222222,-1.2381021611111112,EAST MIDLANDS AMBULANCE SERVICE NHS TRUST,22/23 Approaching Standards,29/06/2023,NHS Trust,NHS NOTTINGHAM AND NOTTINGHAMSHIRE INTEGRATED CARE BOARD
171,RXA,Y62,QYG,53.2117014,-2.8992312,CHESHIRE AND WIRRAL PARTNERSHIP NHS FOUNDATION TRUST,22/23 Standards Met,21/06/2023,NHS Trust,NHS CHESHIRE AND MERSEYSIDE INTEGRATED CARE BOARD
172,RXC,Y59,QNX,50.8882967,0.5615019,EAST SUSSEX HEALTHCARE NHS TRUST,22/23 Standards Met,30/06/2023,NHS Trust,NHS SUSSEX INTEGRATED CARE BOARD
173,RXE,Y63,QF7,53.4948,-1.14598,"Rotherham, Doncaster and South Humber NHS Foundation Trust",22/23 Standards Met,30/06/2023,NHS Trust,NHS SOUTH YORKSHIRE INTEGRATED CARE BOARD
174,RXF,Y63,QWO,53.6930006,-1.4881841923076924,Mid Yorkshire Teaching NHS Trust,22/23 Approaching Standards,30/06/2023,NHS Trust,NHS WEST YORKSHIRE INTEGRATED CARE BOARD
175,RXG,Y63,QWO,53.6983924125,-1.492420475,SOUTH WEST YORKSHIRE PARTNERSHIP FOUNDATION NHS TRUST,22/23 Standards Exceeded,30/08/2023,NHS Trust,NHS WEST YORKSHIRE INTEGRATED CARE BOARD
176,RXK,Y60,QHL,52.4876369,-1.9302035,SANDWELL AND WEST BIRMINGHAM HOSPITALS NHS TRUST,22/23 Standards Met,29/06/2023,NHS Trust,NHS BIRMINGHAM AND SOLIHULL INTEGRATED CARE BOARD
177,RXL,Y62,QE1,53.820574810000004,-3.01281879,BLACKPOOL TEACHING HOSPITALS NHS FOUNDATION TRUST,22/23 Standards Met,27/06/2023,NHS Trust,NHS LANCASHIRE AND SOUTH CUMBRIA INTEGRATED CARE BOARD
178,RXM,Y60,QJ2,52.91830586666667,-1.5128958333333333,Derbyshire Healthcare NHS Foundation Trust,22/23 Standards Met,26/06/2023,NHS Trust,NHS DERBY AND DERBYSHIRE INTEGRATED CARE BOARD
179,RXN,Y62,QE1,53.79104885,-2.706304775,LANCASHIRE TEACHING HOSPITALS NHS FOUNDATION TRUST,22/23 Standards Met,26/06/2023,NHS Trust,NHS LANCASHIRE AND SOUTH CUMBRIA INTEGRATED CARE BOARD
180,RXP,Y63,QHM,54.5306627,-1.5636355,COUNTY DURHAM AND DARLINGTON NHS FOUNDATION TRUST,22/23 Standards Exceeded,27/06/2023,NHS Trust,NHS NORTH EAST AND NORTH CUMBRIA INTEGRATED CARE BOARD
181,RXQ,Y59,QU9,51.6629999,-0.62143,Buckinghamshire Healthcare NHS Trust,22/23 Approaching Standards,18/08/2023,NHS Trust,"NHS BUCKINGHAMSHIRE, OXFORDSHIRE AND BERKSHIRE WEST INTEGRATED CARE BOARD"
182,RXR,Y62,QE1,53.7359807,-2.4635709,EAST LANCASHIRE HOSPITALS NHS TRUST,22/23 Standards Met,28/07/2023,NHS Trust,NHS LANCASHIRE AND SOUTH CUMBRIA INTEGRATED CARE BOARD
183,RXT,Y60,QHL,52.4842588,-1.9175124399999999,BIRMINGHAM AND SOLIHULL MENTAL HEALTH NHS FOUNDATION TRUST,22/23 Standards Met,30/06/2023,NHS Trust,NHS BIRMINGHAM AND SOLIHULL INTEGRATED CARE BOARD
184,RXV,Y62,QOP,53.533573133333334,-2.295755333333333,GREATER MANCHESTER MENTAL HEALTH NHS FOUNDATION TRUST,22/23 Standards Exceeded,11/07/2023,NHS Trust,NHS GREATER MANCHESTER INTEGRATED CARE BOARD
185,RXW,Y60,QOC,52.70870155714286,-2.793561857142857,SHREWSBURY AND TELFORD HOSPITAL NHS TRUST,22/23 Approaching Standards,30/06/2023,NHS Trust,"NHS SHROPSHIRE, TELFORD AND WREKIN INTEGRATED CARE BOARD"
186,RXX,Y59,QXU,51.29759,-0.33563,SURREY AND BORDERS PARTNERSHIP NHS FOUNDATION TRUST,22/23 Standards Met,30/06/2023,NHS Trust,NHS SURREY HEARTLANDS INTEGRATED CARE BOARD
187,RXY,Y59,QKS,51.2725763,0.4866078,KENT AND MEDWAY NHS AND SOCIAL CARE PARTNERSHIP TRUST,22/23 Standards Met,26/06/2023,NHS Trust,NHS KENT AND MEDWAY INTEGRATED CARE BOARD
188,RY2,Y62,QYG,53.41408441666667,-2.528533,Bridgewater Community Healthcare NHS Foundation Trust,22/23 Standards Met,29/06/2023,NHS Trust,NHS CHESHIRE AND MERSEYSIDE INTEGRATED CARE BOARD
189,RY3,Y61,QMM,52.6341417,1.2625801,Norfolk Community Health and Care NHS Trust,22/23 Standards Met,26/06/2023,NHS Trust,NHS NORFOLK AND WAVENEY INTEGRATED CARE BOARD
190,RY4,Y61,QM7,51.8021534,-0.19420635,Hertfordshire Community NHS Trust (RY4),22/23 Standards Met,29/06/2023,NHS Trust,NHS HERTFORDSHIRE AND WEST ESSEX INTEGRATED CARE BOARD
191,RY5,Y60,QJM,53.22647,-0.52415,Lincolnshire Community Health Services NHS Trust,22/23 Standards Met,30/06/2023,NHS Trust,NHS LINCOLNSHIRE INTEGRATED CARE BOARD
192,RY6,Y63,QWO,53.8162127,-1.5669367,Leeds Community Healthcare NHS Trust,22/23 Standards Met,27/06/2023,NHS Trust,NHS WEST YORKSHIRE INTEGRATED CARE BOARD
193,RY7,Y62,QYG,53.38003,-3.02653,Wirral Community Health and Care NHS Foundation Trust,22/23 Standards Met,29/06/2023,NHS Trust,NHS CHESHIRE AND MERSEYSIDE INTEGRATED CARE BOARD
194,RY8,Y60,QJ2,53.2396699,-1.4794799,Derbyshire Community Health Services NHS Trust (East Midlands),22/23 Standards Met,27/06/2023,NHS Trust,NHS DERBY AND DERBYSHIRE INTEGRATED CARE BOARD
195,RY9,Y56,QWE,51.4274499,-0.3264749375,Hounslow and Richmond Community Healthcare NHS Trust,22/23 Standards Met,22/06/2023,NHS Trust,NHS SOUTH WEST LONDON INTEGRATED CARE BOARD
196,RYA,Y60,QUA,52.48565,-2.11905,WEST MIDLANDS AMBULANCE SERVICE UNIVERSITY NHS FOUNDATION TRUST,22/23 Standards Met,30/06/2023,NHS Trust,NHS BLACK COUNTRY INTEGRATED CARE BOARD
197,RYC,Y61,QUE,52.0766227,0.0141455,EAST OF ENGLAND AMBULANCE SERVICE NHS TRUST,22/23 Standards Met,23/06/2023,NHS Trust,NHS CAMBRIDGESHIRE AND PETERBOROUGH INTEGRATED CARE BOARD
198,RYD,Y59,QNX,51.1326943,-0.16870015,SOUTH EAST COAST AMBULANCE SERVICE NHS FOUNDATION TRUST,22/23 Approaching Standards,02/08/2023,NHS Trust,NHS SUSSEX INTEGRATED CARE BOARD
199,RYE,Y59,QU9,51.89152508,-1.1498000400000001,SOUTH CENTRAL AMBULANCE SERVICE NHS TRUST,22/23 Approaching Standards,30/06/2023,NHS Trust,"NHS BUCKINGHAMSHIRE, OXFORDSHIRE AND BERKSHIRE WEST INTEGRATED CARE BOARD"
200,RYF,Y58,QJK,50.7203945,-3.464713725,SOUTH WESTERN AMBULANCE SERVICE NHS TRUST,22/23 Standards Met,30/06/2023,NHS Trust,NHS DEVON INTEGRATED CARE BOARD
201,RYG,Y60,QWU,52.45659,-1.48692,COVENTRY AND WARWICKSHIRE PARTNERSHIP NHS TRUST,22/23 Approaching Standards,29/06/2023,NHS Trust,NHS COVENTRY AND WARWICKSHIRE INTEGRATED CARE BOARD
202,RYJ,Y56,QRV,51.5174679,-0.1753826,IMPERIAL COLLEGE HEALTHCARE NHS TRUST,22/23 Standards Met,20/06/2023,NHS Trust,NHS NORTH WEST LONDON INTEGRATED CARE BOARD
203,RYK,Y60,QUA,52.48176,-2.11786,Dudley Integrated Health and Care NHS Trust,22/23 Standards Met,30/06/2023,NHS Trust,NHS BLACK COUNTRY INTEGRATED CARE BOARD
204,RYR,Y59,QNX,50.8165963,-0.36371065,University Hospitals Sussex NHS Foundation Trust,22/23 Approaching Standards,21/07/2023,NHS Trust,NHS SUSSEX INTEGRATED CARE BOARD
205,RYV,Y61,QUE,52.3210626,-0.06381456666666667,Cambridgeshire Community Services NHS Trust,22/23 Standards Met,30/06/2023,NHS Trust,NHS CAMBRIDGESHIRE AND PETERBOROUGH INTEGRATED CARE BOARD
206,RYW,Y60,QHL,52.4875426,-1.88628205,Birmingham Community Healthcare NHS Foundation Trust,22/23 Approaching Standards,27/06/2023,NHS Trust,NHS BIRMINGHAM AND SOLIHULL INTEGRATED CARE BOARD
207,RYX,Y56,QRV,51.52284,-0.15154,Central London Community Healthcare NHS Trust,22/23 Standards Met,28/06/2023,NHS Trust,NHS NORTH WEST LONDON INTEGRATED CARE BOARD
208,RYY,Y59,QKS,51.17165272,0.87097458,Kent Community Health NHS Foundation Trust,22/23 Standards Met,27/06/2023,NHS Trust,NHS KENT AND MEDWAY INTEGRATED CARE BOARD
209,TAD,Y63,QWO,53.83967,-1.78861,BRADFORD DISTRICT CARE NHS FOUNDATION TRUST,22/23 Standards Met,29/06/2023,NHS Trust,NHS WEST YORKSHIRE INTEGRATED CARE BOARD
210,TAF,Y56,QMJ,51.5358656,-0.13167885,CAMDEN AND ISLINGTON NHS FOUNDATION TRUST,22/23 Approaching Standards,29/06/2023,NHS Trust,NHS NORTH CENTRAL LONDON INTEGRATED CARE BOARD
211,TAH,Y63,QF7,53.399947,-1.4409362,Sheffield Health & Social Care NHS Foundation Trust,22/23 Approaching Standards,30/06/2023,NHS Trust,NHS SOUTH YORKSHIRE INTEGRATED CARE BOARD
212,TAJ,Y60,QUA,52.50842,-2.0844999,Black Country Healthcare NHS Foundation Trust,22/23 Approaching Standards,30/06/2023,NHS Trust,NHS BLACK COUNTRY INTEGRATED CARE BOARD
