"R0A","MANCHESTER UNIVERSITY NHS FOUNDATION TRUST","Y62","QOP","COBBETT HOUSE","OXFORD ROAD","","MANCHESTER","","M13 9WL","20171001","","","","","","","","","","","0","","B","","",""
"R0B","SOUTH TYNESIDE AND SUNDERLAND NHS FOUNDATION TRUST","Y63","QHM","SUNDERLAND ROYAL HOSPITAL","KAYLL ROAD","","SUNDERLAND","","SR4 7TP","20190401","","","","","","","","","","","0","","A","","",""
"R0D","UNIVERSITY HOSPITALS DORSET NHS FOUNDATION TRUST","Y58","QVV","MANAGEMENT OFFICES","POOLE HOSPITAL","LONGFLEET ROAD","POOLE","","BH15 2JB","20201001","","","","","","","","","","","0","","K","","",""
"R1A","HEREFORDSHIRE AND WORCESTERSHIRE HEALTH AND CARE NHS TRUST","Y60","QGH","UNIT 2 KINGS COURT","CHARLES HASTINGS WAY","","WORCESTER","","WR5 1JR","20110701","","","","","","","","","","","0","","F","","",""
"R1C","SOLENT NHS TRUST","Y59","QRL","SOLENT NHS TRUST HEADQUARTERS","HIGHPOINT VENUE","BURSLEDON ROAD","SOUTHAMPTON","","SO19 8BR","20110401","","","","","","","","","","","0","","J","","",""
"R1D","SHROPSHIRE COMMUNITY HEALTH NHS TRUST","Y60","QOC","WILLIAM FARR HOUSE","MYTTON OAK ROAD","","SHREWSBURY","","SY3 8XL","20110701","","","","","","","","","","","0","","F","","",""
"R1F","ISLE OF WIGHT NHS TRUST","Y59","QRL","ST MARYS HOSPITAL","PARKHURST ROAD","","NEWPORT","","PO30 5TG","20120401","","","","","","","","","","","0","","J","","",""
"R1H","BARTS HEALTH NHS TRUST","Y56","QMF","THE ROYAL LONDON HOSPITAL","80 NEWARK STREET","","LONDON","","E1 2ES","20120401","","","","","","","","","","","0","","H","","",""
"R1K","LONDON NORTH WEST UNIVERSITY HEALTHCARE NHS TRUST","Y56","QRV","NORTHWICK PARK HOSPITAL","WATFORD ROAD","","HARROW","","HA1 3UJ","20141001","","","","","","","","","","","0","","H","","",""
"R1L","ESSEX PARTNERSHIP UNIVERSITY NHS FOUNDATION TRUST","Y61","QH8","THE LODGE","LODGE APPROACH","RUNWELL","WICKFORD","","SS11 7XX","20170401","","","","","","","","","","","0","","G","","",""
"RA2","ROYAL SURREY COUNTY HOSPITAL NHS FOUNDATION TRUST","Y59","QXU","EGERTON ROAD","","","GUILDFORD","","GU2 7XX","19910401","","","","","","","","","","","0","","J","","",""
"RA4","YEOVIL DISTRICT HOSPITAL NHS FOUNDATION TRUST","Y58","QSL","YEOVIL DISTRICT HOSPITAL","HIGHER KINGSTON","","YEOVIL","","BA21 4AT","19910401","","","","","","","","","","","0","","K","","",""
"RA7","UNIVERSITY HOSPITALS BRISTOL AND WESTON NHS FOUNDATION TRUST","Y58","QUY","TRUST HEADQUARTERS","MARLBOROUGH STREET","","BRISTOL","","BS1 3NU","19910401","","","","","","","","","","","0","","K","","",""
"RA9","TORBAY AND SOUTH DEVON NHS FOUNDATION TRUST","Y58","QJK","TORBAY HOSPITAL","NEWTON ROAD","","TORQUAY","","TQ2 7AA","19910401","","","","","","","","","","","0","","K","","",""
"RAE","BRADFORD TEACHING HOSPITALS NHS FOUNDATION TRUST","Y63","QWO","BRADFORD ROYAL INFIRMARY","DUCKWORTH LANE","","BRADFORD","","BD9 6RJ","19910401","","","","","","","","","","","0","","D","","",""
"RAJ","MID AND SOUTH ESSEX NHS FOUNDATION TRUST","Y61","QH8","PRITTLEWELL CHASE","","","WESTCLIFF-ON-SEA","","SS0 0RY","19910401","","","","","","","","","","","0","","G","","",""
"RAL","ROYAL FREE LONDON NHS FOUNDATION TRUST","Y56","QMJ","ROYAL FREE HOSPITAL","POND STREET","","LONDON","","NW3 2QG","19910401","","","","","","","","","","","0","","H","","",""
"RAN","ROYAL NATIONAL ORTHOPAEDIC HOSPITAL NHS TRUST","Y56","QRV","BROCKLEY HILL","","","STANMORE","","HA7 4LP","19910401","","","","","","","","","","","0","","H","","",""
"RAP","NORTH MIDDLESEX UNIVERSITY HOSPITAL NHS TRUST","Y56","QMJ","NORTH MIDDLESEX HOSPITAL","STERLING WAY","","LONDON","","N18 1QX","19910401","","","","","","","","","","","0","","H","","",""
"RAS","THE HILLINGDON HOSPITALS NHS FOUNDATION TRUST","Y56","QRV","PIELD HEATH ROAD","","","UXBRIDGE","","UB8 3NN","19910401","","","","","","","","","","","0","","H","","",""
"RAT","NORTH EAST LONDON NHS FOUNDATION TRUST","Y56","QMF","WEST WING","C E M E CENTRE","MARSH WAY","RAINHAM","","RM13 8GQ","20010401","","","","","","","","","","","0","","H","","",""
"RAX","KINGSTON HOSPITAL NHS FOUNDATION TRUST","Y56","QWE","GALSWORTHY ROAD","","","KINGSTON UPON THAMES","","KT2 7QB","19910401","","","","","","","","","","","0","","H","","",""
"RBD","DORSET COUNTY HOSPITAL NHS FOUNDATION TRUST","Y58","QVV","DORSET COUNTY HOSPITAL","WILLIAMS AVENUE","","DORCHESTER","","DT1 2JY","19910401","","","","","","","","","","","0","","K","","",""
"RBK","WALSALL HEALTHCARE NHS TRUST","Y60","QUA","MANOR HOSPITAL","MOAT ROAD","","WALSALL","","WS2 9PS","19910401","","","","","","","","","","","0","","F","","",""
"RBL","WIRRAL UNIVERSITY TEACHING HOSPITAL NHS FOUNDATION TRUST","Y62","QYG","ARROWE PARK HOSPITAL","ARROWE PARK ROAD","UPTON","WIRRAL","","CH49 5PE","19910401","","","","","","","","","","","0","","B","","",""
"RBN","ST HELENS AND KNOWSLEY TEACHING HOSPITALS NHS TRUST","Y62","QYG","WHISTON HOSPITAL","WARRINGTON ROAD","","PRESCOT","","L35 5DR","19910401","","","","","","","","","","","0","","B","","",""
"RBQ","LIVERPOOL HEART AND CHEST HOSPITAL NHS FOUNDATION TRUST","Y62","QYG","THOMAS DRIVE","","","LIVERPOOL","","L14 3PE","19910401","","","","","","","","","","","0","","B","","",""
"RBS","ALDER HEY CHILDREN'S NHS FOUNDATION TRUST","Y62","QYG","ALDER HEY HOSPITAL","EATON ROAD","WEST DERBY","LIVERPOOL","","L12 2AP","19910401","","","","","","","","","","","0","","B","","",""
"RBT","MID CHESHIRE HOSPITALS NHS FOUNDATION TRUST","Y62","QYG","LEIGHTON HOSPITAL","LEIGHTON","","CREWE","","CW1 4QJ","19910401","","","","","","","","","","","0","","B","","",""
"RBV","THE CHRISTIE NHS FOUNDATION TRUST","Y62","QOP","550 WILMSLOW ROAD","WITHINGTON","","MANCHESTER","","M20 4BX","19910401","","","","","","","","","","","0","","B","","",""
"RBZ","NORTHERN DEVON HEALTHCARE NHS TRUST","Y58","QJK","NORTH DEVON DISTRICT HOSPITAL","RALEIGH PARK","","BARNSTAPLE","","EX31 4JB","19910401","20220331","","","","","","","","","","0","","K","","",""
"RC9","BEDFORDSHIRE HOSPITALS NHS FOUNDATION TRUST","Y61","QHG","LEWSEY ROAD","","","LUTON","","LU4 0DZ","19920401","","","","","","","","","","","0","","G","","",""
"RCB","YORK AND SCARBOROUGH TEACHING HOSPITALS NHS FOUNDATION TRUST","Y63","QOQ","YORK HOSPITAL","WIGGINTON ROAD","","YORK","","YO31 8HE","19920401","","","","","","","","","","","0","","D","","",""
"RCD","HARROGATE AND DISTRICT NHS FOUNDATION TRUST","Y63","QOQ","HARROGATE DISTRICT HOSPITAL","LANCASTER PARK ROAD","","HARROGATE","","HG2 7SX","19920401","","","","","","","","","","","0","","D","","",""
"RCF","AIREDALE NHS FOUNDATION TRUST","Y63","QWO","AIREDALE GENERAL HOSPITAL","SKIPTON ROAD","STEETON","KEIGHLEY","","BD20 6TD","19920401","","","","","","","","","","","0","","D","","",""
"RCU","SHEFFIELD CHILDREN'S NHS FOUNDATION TRUST","Y63","QF7","WESTERN BANK","","","SHEFFIELD","","S10 2TH","19920401","","","","","","","","","","","0","","D","","",""
"RCX","THE QUEEN ELIZABETH HOSPITAL, KING'S LYNN, NHS FOUNDATION TRUST","Y61","QMM","QUEEN ELIZABETH HOSPITAL","GAYTON ROAD","","KING'S LYNN","","PE30 4ET","19920401","","","","","","","","","","","0","","G","","",""
"RD1","ROYAL UNITED HOSPITALS BATH NHS FOUNDATION TRUST","Y58","QOX","COMBE PARK","","","BATH","","BA1 3NG","19920401","","","","","","","","","","","0","","K","","",""
"RD8","MILTON KEYNES UNIVERSITY HOSPITAL NHS FOUNDATION TRUST","Y61","QHG","STANDING WAY","EAGLESTONE","","MILTON KEYNES","","MK6 5LD","19920401","","","","","","","","","","","0","","G","","",""
"RDE","EAST SUFFOLK AND NORTH ESSEX NHS FOUNDATION TRUST","Y61","QJG","COLCHESTER DIST GENERAL HOSPITAL","TURNER ROAD","","COLCHESTER","","CO4 5JL","19920401","","","","","","","","","","","0","","G","","",""
"RDR","SUSSEX COMMUNITY NHS FOUNDATION TRUST","Y59","QNX","BRIGHTON GENERAL HOSPITAL","ELM GROVE","","BRIGHTON","","BN2 3EW","19920401","","","","","","","","","","","0","","J","","",""
"RDU","FRIMLEY HEALTH NHS FOUNDATION TRUST","Y59","QNQ","PORTSMOUTH ROAD","FRIMLEY","","CAMBERLEY","","GU16 7UJ","19920401","","","","","","","","","","","0","","J","","",""
"RDY","DORSET HEALTHCARE UNIVERSITY NHS FOUNDATION TRUST","Y58","QVV","SENTINEL HOUSE","4-6 NUFFIELD ROAD","NUFFIELD INDUSTRIAL ESTATE","POOLE","","BH17 0RB","19920401","","","","","","","","","","","0","","K","","",""
"REF","ROYAL CORNWALL HOSPITALS NHS TRUST","Y58","QT6","ROYAL CORNWALL HOSPITAL","TRELISKE","","TRURO","","TR1 3LJ","19920401","","","","","","","","","","","0","","K","","",""
"REM","LIVERPOOL UNIVERSITY HOSPITALS NHS FOUNDATION TRUST","Y62","QYG","ROYAL LIVERPOOL UNIVERSITY HOSPITAL","PRESCOT STREET","","LIVERPOOL","","L7 8XP","19920401","","","","","","","","","","","0","","B","","",""
"REN","THE CLATTERBRIDGE CANCER CENTRE NHS FOUNDATION TRUST","Y62","QYG","CLATTERBRIDGE HOSPITAL","CLATTERBRIDGE ROAD","BEBINGTON","WIRRAL","","CH63 4JY","19920401","","","","","","","","","","","0","","B","","",""
"REP","LIVERPOOL WOMEN'S NHS FOUNDATION TRUST","Y62","QYG","LIVERPOOL WOMENS HOSPITAL","CROWN STREET","","LIVERPOOL","","L8 7SS","19920401","","","","","","","","","","","0","","B","","",""
"RET","THE WALTON CENTRE NHS FOUNDATION TRUST","Y62","QYG","LOWER LANE","","","LIVERPOOL","","L9 7LJ","19920401","","","","","","","","","","","0","","B","","",""
"RF4","BARKING, HAVERING AND REDBRIDGE UNIVERSITY HOSPITALS NHS TRUST","Y56","QMF","QUEENS HOSPITAL","ROM VALLEY WAY","","ROMFORD","","RM7 0AG","20010401","","","","","","","","","","","0","","H","","",""
"RFF","BARNSLEY HOSPITAL NHS FOUNDATION TRUST","Y63","QF7","GAWBER ROAD","","","BARNSLEY","","S75 2EP","19930401","","","","","","","","","","","0","","D","","",""
"RFR","THE ROTHERHAM NHS FOUNDATION TRUST","Y63","QF7","MOORGATE ROAD","","","ROTHERHAM","","S60 2UD","19930401","","","","","","","","","","","0","","D","","",""
"RFS","CHESTERFIELD ROYAL HOSPITAL NHS FOUNDATION TRUST","Y60","QJ2","CHESTERFIELD ROAD","CALOW","","CHESTERFIELD","","S44 5BL","19930401","","","","","","","","","","","0","","E","","",""
"RGD","LEEDS AND YORK PARTNERSHIP NHS FOUNDATION TRUST","Y63","QWO","2150 CENTURY WAY","THORPE PARK","","LEEDS","","LS15 8ZB","19930401","","","","","","","","","","","0","","D","","",""
"RGM","ROYAL PAPWORTH HOSPITAL NHS FOUNDATION TRUST","Y61","QUE","PAPWORTH ROAD","CAMBRIDGE BIOMEDICAL CAMPUS","","CAMBRIDGE","","CB2 0AY","19930401","","","","","","","","","","","0","","G","","",""
"RGN","NORTH WEST ANGLIA NHS FOUNDATION TRUST","Y61","QUE","PETERBOROUGH CITY HOSPITAL","BRETTON GATE","BRETTON","PETERBOROUGH","","PE3 9GZ","19930401","","","","","","","","","","","0","","G","","",""
"RGP","JAMES PAGET UNIVERSITY HOSPITALS NHS FOUNDATION TRUST","Y61","QMM","LOWESTOFT ROAD","GORLESTON","","GREAT YARMOUTH","","NR31 6LA","19930401","","","","","","","","","","","0","","G","","",""
"RGR","WEST SUFFOLK NHS FOUNDATION TRUST","Y61","QJG","WEST SUFFOLK HOSPITAL","HARDWICK LANE","","BURY ST. EDMUNDS","","IP33 2QZ","19930401","","","","","","","","","","","0","","G","","",""
"RGT","CAMBRIDGE UNIVERSITY HOSPITALS NHS FOUNDATION TRUST","Y61","QUE","CAMBRIDGE BIOMEDICAL CAMPUS","HILLS ROAD","","CAMBRIDGE","","CB2 0QQ","19930401","","","","","","","","","","","0","","G","","",""
"RH5","SOMERSET NHS FOUNDATION TRUST","Y58","QSL","TRUST MANAGEMENT","LYDEARD HOUSE","MUSGROVE PARK HOSPITAL","TAUNTON","","TA1 5DA","19930401","","","","","","","","","","","0","","K","","",""
"RH8","ROYAL DEVON UNIVERSITY HEALTHCARE NHS FOUNDATION TRUST","Y58","QJK","ROYAL DEVON UNIVERSITY NHS FT","BARRACK ROAD","","EXETER","","EX2 5DW","19930401","","","","","","","","","","","0","","K","","",""
"RHA","NOTTINGHAMSHIRE HEALTHCARE NHS FOUNDATION TRUST","Y60","QT1","THE RESOURCE, TRUST HQ","DUNCAN MACMILLAN HOUSE","PORCHESTER ROAD","NOTTINGHAM","","NG3 6AA","20010401","","","","","","","","","","","0","","E","","",""
"RHM","UNIVERSITY HOSPITAL SOUTHAMPTON NHS FOUNDATION TRUST","Y59","QRL","SOUTHAMPTON GENERAL HOSPITAL","TREMONA ROAD","","SOUTHAMPTON","","SO16 6YD","19930401","","","","","","","","","","","0","","J","","",""
"RHQ","SHEFFIELD TEACHING HOSPITALS NHS FOUNDATION TRUST","Y63","QF7","NORTHERN GENERAL HOSPITAL","HERRIES ROAD","","SHEFFIELD","","S5 7AU","20010401","","","","","","","","","","","0","","D","","",""
"RHU","PORTSMOUTH HOSPITALS UNIVERSITY NATIONAL HEALTH SERVICE TRUST","Y59","QRL","QUEEN ALEXANDRA HOSPITAL","SOUTHWICK HILL ROAD","COSHAM","PORTSMOUTH","","PO6 3LY","19930401","","","","","","","","","","","0","","J","","",""
"RHW","ROYAL BERKSHIRE NHS FOUNDATION TRUST","Y59","QU9","ROYAL BERKSHIRE HOSPITAL","LONDON ROAD","","READING","","RG1 5AN","19930401","","","","","","","","","","","0","","J","","",""
"RJ1","GUY'S AND ST THOMAS' NHS FOUNDATION TRUST","Y56","QKK","ST THOMAS' HOSPITAL","WESTMINSTER BRIDGE ROAD","","LONDON","","SE1 7EH","19930401","","","","","","","","","","","0","","H","","",""
"RJ2","LEWISHAM AND GREENWICH NHS TRUST","Y56","QKK","UNIVERSITY HOSPITAL LEWISHAM","LEWISHAM HIGH STREET","","LONDON","","SE13 6LH","19930401","","","","","","","","","","","0","","H","","",""
"RJ6","CROYDON HEALTH SERVICES NHS TRUST","Y56","QWE","CROYDON UNIVERSITY HOSPITAL","530 LONDON ROAD","","THORNTON HEATH","","CR7 7YE","19930401","","","","","","","","","","","0","","H","","",""
"RJ7","ST GEORGE'S UNIVERSITY HOSPITALS NHS FOUNDATION TRUST","Y56","QWE","ST GEORGE'S HOSPITAL","BLACKSHAW ROAD","TOOTING","LONDON","","SW17 0QT","19930401","","","","","","","","","","","0","","H","","",""
"RJ8","CORNWALL PARTNERSHIP NHS FOUNDATION TRUST","Y58","QT6","CAREW HOUSE","BEACON TECHNOLOGY PARK","DUNMERE ROAD","BODMIN","CORNWALL","PL31 2QN","19930401","","","","","","","","","","","0","","K","","",""
"RJC","SOUTH WARWICKSHIRE NHS FOUNDATION TRUST","Y60","QWU","WARWICK HOSPITAL","LAKIN ROAD","","WARWICK","","CV34 5BW","19930401","","","","","","","","","","","0","","F","","",""
"RJE","UNIVERSITY HOSPITALS OF NORTH MIDLANDS NHS TRUST","Y60","QNC","NEWCASTLE ROAD","","","STOKE-ON-TRENT","","ST4 6QG","19930401","","","","","","","","","","","0","","F","","",""
"RJL","NORTHERN LINCOLNSHIRE AND GOOLE NHS FOUNDATION TRUST","Y63","QOQ","DIANA PRINCESS OF WALES HOSPITAL","SCARTHO ROAD","","GRIMSBY","","DN33 2BA","20010401","","","","","","","","","","","0","","D","","",""
"RJN","EAST CHESHIRE NHS TRUST","Y62","QYG","MACCLESFIELD DISTRICT HOSPITAL","VICTORIA ROAD","","MACCLESFIELD","","SK10 3BL","19930401","","","","","","","","","","","0","","B","","",""
"RJR","COUNTESS OF CHESTER HOSPITAL NHS FOUNDATION TRUST","Y62","QYG","COUNTESS OF CHESTER HEALTH PARK","LIVERPOOL ROAD","","CHESTER","","CH2 1UL","19930401","","","","","","","","","","","0","","B","","",""
"RJZ","KING'S COLLEGE HOSPITAL NHS FOUNDATION TRUST","Y56","QKK","DENMARK HILL","","","LONDON","","SE5 9RS","19930401","","","","","","","","","","","0","","H","","",""
"RK5","SHERWOOD FOREST HOSPITALS NHS FOUNDATION TRUST","Y60","QT1","KINGS MILL HOSPITAL","MANSFIELD ROAD","","SUTTON-IN-ASHFIELD","","NG17 4JL","19940401","","","","","","","","","","","0","","E","","",""
"RK9","UNIVERSITY HOSPITALS PLYMOUTH NHS TRUST","Y58","QJK","DERRIFORD HOSPITAL","DERRIFORD ROAD","DERRIFORD","PLYMOUTH","","PL6 8DH","19940401","","","","","","","","","","","0","","K","","",""
"RKB","UNIVERSITY HOSPITALS COVENTRY AND WARWICKSHIRE NHS TRUST","Y60","QWU","WALSGRAVE GENERAL HOSPITAL","CLIFFORD BRIDGE ROAD","","COVENTRY","","CV2 2DX","19930401","","","","","","","","","","","0","","F","","",""
"RKE","WHITTINGTON HEALTH NHS TRUST","Y56","QMJ","THE WHITTINGTON HOSPITAL","MAGDALA AVENUE","","LONDON","","N19 5NF","19930401","","","","","","","","","","","0","","H","","",""
"RKL","WEST LONDON NHS TRUST","Y56","QRV","1 ARMSTRONG WAY","","","SOUTHALL","","UB2 4SD","20010401","","","","","","","","","","","0","","H","","",""
"RL1","THE ROBERT JONES AND AGNES HUNT ORTHOPAEDIC HOSPITAL NHS FOUNDATION TRUST","Y60","QOC","GOBOWEN","","","OSWESTRY","","SY10 7AG","19940401","","","","","","","","","","","0","","F","","",""
"RL4","THE ROYAL WOLVERHAMPTON NHS TRUST","Y60","QUA","NEW CROSS HOSPITAL","WOLVERHAMPTON ROAD","HEATH TOWN","WOLVERHAMPTON","","WV10 0QP","19940401","","","","","","","","","","","0","","F","","",""
"RLQ","WYE VALLEY NHS TRUST","Y60","QGH","COUNTY HOSPITAL","27 UNION WALK","","HEREFORD","","HR1 2ER","19940401","","","","","","","","","","","0","","F","","",""
"RLT","GEORGE ELIOT HOSPITAL NHS TRUST","Y60","QWU","LEWES HOUSE","COLLEGE STREET","","NUNEATON","","CV10 7DJ","19940401","","","","","","","","","","","0","","F","","",""
"RLY","NORTH STAFFORDSHIRE COMBINED HEALTHCARE NHS TRUST","Y60","QNC","LAWTON HOUSE","BELLRINGER ROAD","TRENTHAM","STOKE-ON-TRENT","","ST4 8HH","19940401","","","","","","","","","","","0","","F","","",""
"RM1","NORFOLK AND NORWICH UNIVERSITY HOSPITALS NHS FOUNDATION TRUST","Y61","QMM","COLNEY LANE","COLNEY","","NORWICH","","NR4 7UY","19940401","","","","","","","","","","","0","","G","","",""
"RM3","NORTHERN CARE ALLIANCE NHS FOUNDATION TRUST","Y62","QOP","SALFORD ROYAL","STOTT LANE","","SALFORD","GREATER MANCHESTER","M6 8HD","19940401","","","","","","","","","","","0","","B","","",""
"RMC","BOLTON NHS FOUNDATION TRUST","Y62","QOP","THE ROYAL BOLTON HOSPITAL","MINERVA ROAD","FARNWORTH","BOLTON","","BL4 0JR","19940401","","","","","","","","","","","0","","B","","",""
"RMP","TAMESIDE AND GLOSSOP INTEGRATED CARE NHS FOUNDATION TRUST","Y62","QOP","TAMESIDE GENERAL HOSPITAL","FOUNTAIN STREET","","ASHTON-UNDER-LYNE","","OL6 9RW","19940401","","","","","","","","","","","0","","B","","",""
"RMY","NORFOLK AND SUFFOLK NHS FOUNDATION TRUST","Y61","QMM","HELLESDON HOSPITAL","DRAYTON HIGH ROAD","","NORWICH","NORFOLK","NR6 5BE","19940401","","","","","","","","","","","0","","G","","",""
"RN3","GREAT WESTERN HOSPITALS NHS FOUNDATION TRUST","Y58","QOX","GREAT WESTERN HOSPITAL","MARLBOROUGH ROAD","","SWINDON","","SN3 6BB","19940401","","","","","","","","","","","0","","K","","",""
"RN5","HAMPSHIRE HOSPITALS NHS FOUNDATION TRUST","Y59","QRL","BASINGSTOKE AND NORTH HAMPSHIRE HOS","ALDERMASTON ROAD","","BASINGSTOKE","HAMPSHIRE","RG24 9NA","19940401","","","","","","","","","","","0","","J","","",""
"RN7","DARTFORD AND GRAVESHAM NHS TRUST","Y59","QKS","DARENT VALLEY HOSPITAL","DARENTH WOOD ROAD","","DARTFORD","","DA2 8DA","19940401","","","","","","","","","","","0","","J","","",""
"RNA","THE DUDLEY GROUP NHS FOUNDATION TRUST","Y60","QUA","RUSSELLS HALL HOSPITAL","PENSNETT ROAD","","DUDLEY","","DY1 2HQ","19940401","","","","","","","","","","","0","","F","","",""
"RNK","TAVISTOCK AND PORTMAN NHS FOUNDATION TRUST","Y56","QMJ","THE TAVISTOCK CENTRE","120 BELSIZE LANE","","LONDON","","NW3 5BA","19940401","","","","","","","","","","","0","","H","","",""
"RNN","NORTH CUMBRIA INTEGRATED CARE NHS FOUNDATION TRUST","Y63","QHM","PILLARS BUILDING","CUMBERLAND INFIRMARY","INFIRMARY STREET","CARLISLE","","CA2 7HY","20010401","","","","","","","","","","","0","","A","","",""
"RNQ","KETTERING GENERAL HOSPITAL NHS FOUNDATION TRUST","Y60","QPM","ROTHWELL ROAD","","","KETTERING","","NN16 8UZ","19940401","","","","","","","","","","","0","","E","","",""
"RNS","NORTHAMPTON GENERAL HOSPITAL NHS TRUST","Y60","QPM","CLIFTONVILLE","","","NORTHAMPTON","","NN1 5BD","19940401","","","","","","","","","","","0","","E","","",""
"RNU","OXFORD HEALTH NHS FOUNDATION TRUST","Y59","QU9","WARNEFORD HOSPITAL","WARNEFORD LANE","HEADINGTON","OXFORD","","OX3 7JX","19940401","","","","","","","","","","","0","","J","","",""
"RNZ","SALISBURY NHS FOUNDATION TRUST","Y58","QOX","SALISBURY DISTRICT HOSPITAL","ODSTOCK ROAD","","SALISBURY","","SP2 8BJ","19940401","","","","","","","","","","","0","","K","","",""
"RP1","NORTHAMPTONSHIRE HEALTHCARE NHS FOUNDATION TRUST","Y60","QPM","ST MARYS HOSPITAL","77 LONDON ROAD","","KETTERING","","NN15 7PW","20010401","","","","","","","","","","","0","","E","","",""
"RP4","GREAT ORMOND STREET HOSPITAL FOR CHILDREN NHS FOUNDATION TRUST","Y56","QMJ","GREAT ORMOND STREET","","","LONDON","","WC1N 3JH","19940401","","","","","","","","","","","0","","H","","",""
"RP5","DONCASTER AND BASSETLAW TEACHING HOSPITALS NHS FOUNDATION TRUST","Y63","QF7","DONCASTER ROYAL INFIRMARY","ARMTHORPE ROAD","","DONCASTER","","DN2 5LT","20010401","","","","","","","","","","","0","","D","","",""
"RP6","MOORFIELDS EYE HOSPITAL NHS FOUNDATION TRUST","Y56","QMJ","162 CITY ROAD","","","LONDON","","EC1V 2PD","19940401","","","","","","","","","","","0","","H","","",""
"RP7","LINCOLNSHIRE PARTNERSHIP NHS FOUNDATION TRUST","Y60","QJM","ST GEORGE'S","LONG LEYS ROAD","","LINCOLN","","LN1 1FS","20010401","","","","","","","","","","","0","","E","","",""
"RPA","MEDWAY NHS FOUNDATION TRUST","Y59","QKS","MEDWAY MARITIME HOSPITAL","WINDMILL ROAD","","GILLINGHAM","","ME7 5NY","19940401","","","","","","","","","","","0","","J","","",""
"RPC","QUEEN VICTORIA HOSPITAL NHS FOUNDATION TRUST","Y59","QNX","HOLTYE ROAD","","","EAST GRINSTEAD","","RH19 3DZ","19940401","","","","","","","","","","","0","","J","","",""
"RPG","OXLEAS NHS FOUNDATION TRUST","Y56","QKK","PINEWOOD HOUSE","PINEWOOD PLACE","","DARTFORD","","DA2 7WG","19940401","","","","","","","","","","","0","","H","","",""
"RPY","THE ROYAL MARSDEN NHS FOUNDATION TRUST","Y56","QRV","FULHAM ROAD","","","LONDON","GREATER LONDON","SW3 6JJ","19940401","","","","","","","","","","","0","","H","","",""
"RQ3","BIRMINGHAM WOMEN'S AND CHILDREN'S NHS FOUNDATION TRUST","Y60","QHL","STEELHOUSE LANE","","","BIRMINGHAM","WEST MIDLANDS","B4 6NH","19950401","","","","","","","","","","","0","","F","","",""
"RQF","VELINDRE NHS TRUST","W00","Q99","UNIT 2","CHARNWOOD COURT","HEOL BILLINGSLEY","CARDIFF","","CF15 7QZ","19940401","","","","","","","","","","","0","","W","","",""
"RQM","CHELSEA AND WESTMINSTER HOSPITAL NHS FOUNDATION TRUST","Y56","QRV","CHELSEA & WESTMINSTER HOSPITAL","369 FULHAM ROAD","","LONDON","","SW10 9NH","19940401","","","","","","","","","","","0","","H","","",""
"RQW","THE PRINCESS ALEXANDRA HOSPITAL NHS TRUST","Y61","QM7","HAMSTEL ROAD","","","HARLOW","","CM20 1QX","19950401","","","","","","","","","","","0","","G","","",""
"RQX","HOMERTON HEALTHCARE NHS FOUNDATION TRUST","Y56","QMF","HOMERTON ROW","","","LONDON","","E9 6SR","19950401","","","","","","","","","","","0","","H","","",""
"RQY","SOUTH WEST LONDON AND ST GEORGE'S MENTAL HEALTH NHS TRUST","Y56","QWE","SPRINGFIELD HOSPITAL","61 GLENBURNIE ROAD","","LONDON","","SW17 7DJ","19950401","","","","","","","","","","","0","","H","","",""
"RR7","GATESHEAD HEALTH NHS FOUNDATION TRUST","Y63","QHM","QUEEN ELIZABETH HOSPITAL","SHERIFF HILL","","GATESHEAD","","NE9 6SX","19980401","","","","","","","","","","","0","","A","","",""
"RR8","LEEDS TEACHING HOSPITALS NHS TRUST","Y63","QWO","ST. JAMES'S UNIVERSITY HOSPITAL","BECKETT STREET","","LEEDS","","LS9 7TF","19980401","","","","","","","","","","","0","","D","","",""
"RRE","MIDLANDS PARTNERSHIP NHS FOUNDATION TRUST","Y60","QNC","TRUST HEADQUARTERS","ST GEORGES HOSPITAL","CORPORATION STREET","STAFFORD","STAFFORDSHIRE","ST16 3SR","20010401","","","","","","","","","","","0","","F","","",""
"RRF","WRIGHTINGTON, WIGAN AND LEIGH NHS FOUNDATION TRUST","Y62","QOP","ROYAL ALBERT EDWARD INFIRMARY","WIGAN LANE","","WIGAN","","WN1 2NN","20010401","","","","","","","","","","","0","","B","","",""
"RRJ","THE ROYAL ORTHOPAEDIC HOSPITAL NHS FOUNDATION TRUST","Y60","QHL","THE WOODLANDS","BRISTOL ROAD SOUTH","NORTHFIELD","BIRMINGHAM","","B31 2AP","19950401","","","","","","","","","","","0","","F","","",""
"RRK","UNIVERSITY HOSPITALS BIRMINGHAM NHS FOUNDATION TRUST","Y60","QHL","QUEEN ELIZABETH HOSPITAL","MINDELSOHN WAY","EDGBASTON","BIRMINGHAM","WEST MIDLANDS","B15 2GW","19950401","","","","","","","","","","","0","","F","","",""
"RRP","BARNET, ENFIELD AND HARINGEY MENTAL HEALTH NHS TRUST","Y56","QMJ","TRUST HEADQUARTERS BLOCK B2","ST ANN'S HOSPITAL","ST ANN'S ROAD","LONDON","","N15 3TH","20010401","","","","","","","","","","","0","","H","","",""
"RRU","LONDON AMBULANCE SERVICE NHS TRUST","Y56","QKK","220 WATERLOO ROAD","","","LONDON","","SE1 8SD","19960401","","","","","","","","","","","0","","H","","",""
"RRV","UNIVERSITY COLLEGE LONDON HOSPITALS NHS FOUNDATION TRUST","Y56","QMJ","250 EUSTON ROAD","","","LONDON","","NW1 2PG","19960401","","","","","","","","","","","0","","H","","",""
"RT1","CAMBRIDGESHIRE AND PETERBOROUGH NHS FOUNDATION TRUST","Y61","QUE","ELIZABETH HOUSE,","FULBOURN HOSPITAL","FULBOURN","CAMBRIDGE","","CB21 5EF","20020401","","","","","","","","","","","0","","G","","",""
"RT2","PENNINE CARE NHS FOUNDATION TRUST","Y62","QOP","225 OLD STREET","","","ASHTON-UNDER-LYNE","","OL6 7SR","20020401","","","","","","","","","","","0","","B","","",""
"RT4","WELSH AMBULANCE SERVICES NHS TRUST","W00","Q99","UNIT 7","FFORDD RICHARD DAVIES","ST ASAPH BUSINESS PARK","ST. ASAPH","","LL17 0LJ","19980401","","","","","","","","","","","0","","W","","",""
"RT5","LEICESTERSHIRE PARTNERSHIP NHS TRUST","Y60","QK1","RIVERSIDE HOUSE","BRIDGE PARK PLAZA","BRIDGE PARK ROAD","LEICESTER","LEICESTERSHIRE","LE4 8PQ","19990401","","","","","","","","","","","0","","E","","",""
"RTD","THE NEWCASTLE UPON TYNE HOSPITALS NHS FOUNDATION TRUST","Y63","QHM","FREEMAN HOSPITAL","FREEMAN ROAD","HIGH HEATON","NEWCASTLE UPON TYNE","","NE7 7DN","19980401","","","","","","","","","","","0","","A","","",""
"RTE","GLOUCESTERSHIRE HOSPITALS NHS FOUNDATION TRUST","Y58","QR1","CHELTENHAM GENERAL HOSPITAL","SANDFORD ROAD","","CHELTENHAM","","GL53 7AN","20020401","","","","","","","","","","","0","","K","","",""
"RTF","NORTHUMBRIA HEALTHCARE NHS FOUNDATION TRUST","Y63","QHM","NORTH TYNESIDE GENERAL HOSPITAL","RAKE LANE","","NORTH SHIELDS","","NE29 8NH","19980401","","","","","","","","","","","0","","A","","",""
"RTG","UNIVERSITY HOSPITALS OF DERBY AND BURTON NHS FOUNDATION TRUST","Y60","QJ2","ROYAL DERBY HOSPITAL","UTTOXETER ROAD","","DERBY","","DE22 3NE","19980401","","","","","","","","","","","0","","E","","",""
"RTH","OXFORD UNIVERSITY HOSPITALS NHS FOUNDATION TRUST","Y59","QU9","JOHN RADCLIFFE HOSPITAL","HEADLEY WAY","HEADINGTON","OXFORD","","OX3 9DU","19980401","","","","","","","","","","","0","","J","","",""
"RTK","ASHFORD AND ST PETER'S HOSPITALS NHS FOUNDATION TRUST","Y59","QXU","ST PETERS HOSPITAL","GUILDFORD ROAD","","CHERTSEY","","KT16 0PZ","19980401","","","","","","","","","","","0","","J","","",""
"RTP","SURREY AND SUSSEX HEALTHCARE NHS TRUST","Y59","QXU","TRUST HEADQUARTERS","EAST SURREY HOSPITAL","CANADA AVENUE","REDHILL","SURREY","RH1 5RH","19980401","","","","","","","","","","","0","","J","","",""
"RTQ","GLOUCESTERSHIRE HEALTH AND CARE NHS FOUNDATION TRUST","Y58","QR1","EDWARD JENNER COURT","1010 PIONEER AVENUE","GLOUCESTER BUSINESS PARK","GLOUCESTER","","GL3 4AW","20020401","","","","","","","","","","","0","","K","","",""
"RTR","SOUTH TEES HOSPITALS NHS FOUNDATION TRUST","Y63","QHM","JAMES COOK UNIVERSITY HOSPITAL","MARTON ROAD","","MIDDLESBROUGH","","TS4 3BW","20020401","","","","","","","","","","","0","","A","","",""
"RTV","NORTH WEST BOROUGHS HEALTHCARE NHS FOUNDATION TRUST","Y62","QYG","HOLLINS PARK HOUSE","HOLLINS PARK HOSPITAL","HOLLINS LANE","WARRINGTON","","WA2 8WA","20020401","20210531","","","","","","","","","","0","","B","","",""
"RTX","UNIVERSITY HOSPITALS OF MORECAMBE BAY NHS FOUNDATION TRUST","Y62","QE1","WESTMORLAND GENERAL HOSPITAL","BURTON ROAD","","KENDAL","","LA9 7RG","19980401","","","","","","","","","","","0","","B","","",""
"RV3","CENTRAL AND NORTH WEST LONDON NHS FOUNDATION TRUST","Y56","QMJ","TRUST HEADQUARTERS","350 EUSTON ROAD","REGENTS PLACE","LONDON","","NW1 3AX","19990401","","","","","","","","","","","0","","H","","",""
"RV5","SOUTH LONDON AND MAUDSLEY NHS FOUNDATION TRUST","Y56","QKK","BETHLEM ROYAL HOSPITAL","MONKS ORCHARD ROAD","","BECKENHAM","KENT","BR3 3BX","19990401","","","","","","","","","","","0","","H","","",""
"RV9","HUMBER TEACHING NHS FOUNDATION TRUST","Y63","QOQ","TRUST HQ, WILLERBY HILL","BEVERLEY ROAD","WILLERBY","HULL","","HU10 6ED","19991001","","","","","","","","","","","0","","D","","",""
"RVJ","NORTH BRISTOL NHS TRUST","Y58","QUY","SOUTHMEAD HOSPITAL","SOUTHMEAD ROAD","WESTBURY-ON-TRYM","BRISTOL","","BS10 5NB","19990401","","","","","","","","","","","0","","K","","",""
"RVN","AVON AND WILTSHIRE MENTAL HEALTH PARTNERSHIP NHS TRUST","Y58","QOX","BATH NHS HOUSE","NEWBRIDGE HILL","","BATH","","BA1 3QE","19990401","","","","","","","","","","","0","","K","","",""
"RVR","EPSOM AND ST HELIER UNIVERSITY HOSPITALS NHS TRUST","Y56","QWE","ST HELIER HOSPITAL","WRYTHE LANE","","CARSHALTON","","SM5 1AA","19990401","","","","","","","","","","","0","","H","","",""
"RVV","EAST KENT HOSPITALS UNIVERSITY NHS FOUNDATION TRUST","Y59","QKS","KENT & CANTERBURY HOSPITAL","ETHELBERT ROAD","","CANTERBURY","","CT1 3NG","19990401","","","","","","","","","","","0","","J","","",""
"RVW","NORTH TEES AND HARTLEPOOL NHS FOUNDATION TRUST","Y63","QHM","UNIVERSITY HOSPITAL OF HARTLEPOOL","HOLDFORTH ROAD","","HARTLEPOOL","","TS24 9AH","19990401","","","","","","","","","","","0","","A","","",""
"RVY","SOUTHPORT AND ORMSKIRK HOSPITAL NHS TRUST","Y62","QYG","TOWN LANE","","","SOUTHPORT","","PR8 6PN","19990401","","","","","","","","","","","0","","B","","",""
"RW1","SOUTHERN HEALTH NHS FOUNDATION TRUST","Y59","QRL","TATCHBURY MOUNT HOSPITAL","CALMORE","","SOUTHAMPTON","","SO40 2RZ","20010401","","","","","","","","","","","0","","J","","",""
"RW4","MERSEY CARE NHS FOUNDATION TRUST","Y62","QYG","V7 BUILDING","KINGS BUSINESS PARK","KINGS DRIVE","PRESCOT","","L34 1PJ","20010401","","","","","","","","","","","0","","B","","",""
"RW5","LANCASHIRE & SOUTH CUMBRIA NHS FOUNDATION TRUST","Y62","QE1","SCEPTRE POINT","SCEPTRE WAY","BAMBER BRIDGE","PRESTON","","PR5 6AW","20020401","","","","","","","","","","","0","","B","","",""
"RW6","PENNINE ACUTE HOSPITALS NHS TRUST","Y62","QOP","TRUST HEADQUARTERS","NORTH MANCHESTER GENERAL HOSPITAL","DELAUNAYS ROAD, CRUMPSALL","MANCHESTER","","M8 5RB","20020401","20210930","","","","","","","","","","0","","B","","",""
"RWA","HULL UNIVERSITY TEACHING HOSPITALS NHS TRUST","Y63","QOQ","HULL ROYAL INFIRMARY","ANLABY ROAD","","HULL","","HU3 2JZ","19991001","","","","","","","","","","","0","","D","","",""
"RWD","UNITED LINCOLNSHIRE HOSPITALS NHS TRUST","Y60","QJM","LINCOLN COUNTY HOSPITAL","GREETWELL ROAD","","LINCOLN","","LN2 5QY","20000401","","","","","","","","","","","0","","E","","",""
"RWE","UNIVERSITY HOSPITALS OF LEICESTER NHS TRUST","Y60","QK1","LEICESTER ROYAL INFIRMARY","INFIRMARY SQUARE","","LEICESTER","","LE1 5WW","20000401","","","","","","","","","","","0","","E","","",""
"RWF","MAIDSTONE AND TUNBRIDGE WELLS NHS TRUST","Y59","QKS","THE MAIDSTONE HOSPITAL","HERMITAGE LANE","","MAIDSTONE","","ME16 9QQ","20000401","","","","","","","","","","","0","","J","","",""
"RWG","WEST HERTFORDSHIRE TEACHING HOSPITALS NHS TRUST","Y61","QM7","TRUST OFFICES","WATFORD GENERAL HOSPITAL","VICARAGE ROAD","WATFORD","","WD18 0HB","20000401","","","","","","","","","","","0","","G","","",""
"RWH","EAST AND NORTH HERTFORDSHIRE NHS TRUST","Y61","QM7","LISTER HOSPITAL","COREYS MILL LANE","","STEVENAGE","HERTFORDSHIRE","SG1 4AB","20000401","","","","","","","","","","","0","","G","","",""
"RWJ","STOCKPORT NHS FOUNDATION TRUST","Y62","QOP","STEPPING HILL HOSPITAL","POPLAR GROVE","","STOCKPORT","","SK2 7JE","20000401","","","","","","","","","","","0","","B","","",""
"RWK","EAST LONDON NHS FOUNDATION TRUST","Y56","QMF","ROBERT DOLAN HOUSE","9 ALIE STREET","","LONDON","GREATER LONDON","E1 8DE","20000401","","","","","","","","","","","0","","H","","",""
"RWP","WORCESTERSHIRE ACUTE HOSPITALS NHS TRUST","Y60","QGH","WORCESTERSHIRE ROYAL HOSPITAL","CHARLES HASTINGS WAY","","WORCESTER","","WR5 1DD","20000401","","","","","","","","","","","0","","F","","",""
"RWR","HERTFORDSHIRE PARTNERSHIP UNIVERSITY NHS FOUNDATION TRUST","Y61","QM7","THE COLONNADES","BEACONSFIELD CLOSE","","HATFIELD","","AL10 8YE","20010401","","","","","","","","","","","0","","G","","",""
"RWV","DEVON PARTNERSHIP NHS TRUST","Y58","QJK","WONFORD HOUSE HOSPITAL","DRYDEN ROAD","","EXETER","","EX2 5AF","20010401","","","","","","","","","","","0","","K","","",""
"RWW","WARRINGTON AND HALTON TEACHING HOSPITALS NHS FOUNDATION TRUST","Y62","QYG","WARRINGTON HOSPITAL","LOVELY LANE","","WARRINGTON","","WA5 1QG","20010401","","","","","","","","","","","0","","B","","",""
"RWX","BERKSHIRE HEALTHCARE NHS FOUNDATION TRUST","Y59","QNQ","FITZWILLIAM HOUSE","SKIMPED HILL LANE","","BRACKNELL","","RG12 1BQ","20010401","","","","","","","","","","","0","","J","","",""
"RWY","CALDERDALE AND HUDDERSFIELD NHS FOUNDATION TRUST","Y63","QWO","TRUST HEADQUARTERS","ACRE STREET","LINDLEY","HUDDERSFIELD","","HD3 3EA","20010401","","","","","","","","","","","0","","D","","",""
"RX1","NOTTINGHAM UNIVERSITY HOSPITALS NHS TRUST","Y60","QT1","TRUST HEADQUARTERS","QUEENS MEDICAL CENTRE","DERBY ROAD","NOTTINGHAM","","NG7 2UH","20060401","","","","","","","","","","","0","","E","","",""
"RX2","SUSSEX PARTNERSHIP NHS FOUNDATION TRUST","Y59","QNX","TRUST HQ","SWANDEAN","ARUNDEL ROAD","WORTHING","","BN13 3EP","20060401","","","","","","","","","","","0","","J","","",""
"RX3","TEES, ESK AND WEAR VALLEYS NHS FOUNDATION TRUST","Y63","QHM","TRUST HEADQUARTERS","WEST PARK HOSPITAL","EDWARD PEASE WAY","DARLINGTON","","DL2 2TS","20060401","","","","","","","","","","","0","","A","","",""
"RX4","CUMBRIA, NORTHUMBERLAND, TYNE AND WEAR NHS FOUNDATION TRUST","Y63","QHM","ST NICHOLAS HOSPITAL","JUBILEE ROAD","GOSFORTH","NEWCASTLE UPON TYNE","TYNE AND WEAR","NE3 3XT","20060401","","","","","","","","","","","0","","A","","",""
"RX6","NORTH EAST AMBULANCE SERVICE NHS FOUNDATION TRUST","Y63","QHM","BERNICIA HOUSE","THE WATERFRONT","GOLDCREST WAY","NEWCASTLE UPON TYNE","","NE15 8NY","20060701","","","","","","","","","","","0","","A","","",""
"RX7","NORTH WEST AMBULANCE SERVICE NHS TRUST","Y62","QOP","LADYBRIDGE HALL","399 CHORLEY NEW ROAD","","BOLTON","","BL1 5DD","20060701","","","","","","","","","","","0","","B","","",""
"RX8","YORKSHIRE AMBULANCE SERVICE NHS TRUST","Y63","QWO","SPRINGHILL","2 BRINDLEY WAY","WAKEFIELD 41 INDUSTRIAL ESTATE","WAKEFIELD","","WF2 0XQ","20060701","","","","","","","","","","","0","","D","","",""
"RX9","EAST MIDLANDS AMBULANCE SERVICE NHS TRUST","Y60","QT1","1 HORIZON PLACE","MELLORS WAY","NOTTINGHAM BUSINESS PARK","NOTTINGHAM","","NG8 6PY","20060701","","","","","","","","","","","0","","E","","",""
"RXA","CHESHIRE AND WIRRAL PARTNERSHIP NHS FOUNDATION TRUST","Y62","QYG","TRUST HEADQUARTERS REDESMERE","THE COUNTESS OF CHESTER HEALTH PARK","LIVERPOOL ROAD","CHESTER","","CH2 1BQ","20020401","","","","","","","","","","","0","","B","","",""
"RXC","EAST SUSSEX HEALTHCARE NHS TRUST","Y59","QNX","ST ANNES HOUSE","729 THE RIDGE","","ST. LEONARDS-ON-SEA","","TN37 7PT","20020401","","","","","","","","","","","0","","J","","",""
"RXE","ROTHERHAM DONCASTER AND SOUTH HUMBER NHS FOUNDATION TRUST","Y63","QF7","WOODFIELD HOUSE","TICKHILL ROAD","","DONCASTER","","DN4 8QN","20040401","","","","","","","","","","","0","","D","","",""
"RXF","MID YORKSHIRE HOSPITALS NHS TRUST","Y63","QWO","PINDERFIELDS HOSPITAL","ABERFORD ROAD","","WAKEFIELD","","WF1 4DG","20020401","","","","","","","","","","","0","","D","","",""
"RXG","SOUTH WEST YORKSHIRE PARTNERSHIP NHS FOUNDATION TRUST","Y63","QWO","TRUST HEADQUARTERS","FIELDHEAD HOSPITAL","OUCHTHORPE LANE","WAKEFIELD","","WF1 3SP","20020401","","","","","","","","","","","0","","D","","",""
"RXK","SANDWELL AND WEST BIRMINGHAM HOSPITALS NHS TRUST","Y60","QHL","CITY HOSPITAL","DUDLEY ROAD","","BIRMINGHAM","","B18 7QH","20020401","","","","","","","","","","","1","","F","","",""
"RXL","BLACKPOOL TEACHING HOSPITALS NHS FOUNDATION TRUST","Y62","QE1","VICTORIA HOSPITAL","WHINNEY HEYS ROAD","","BLACKPOOL","","FY3 8NR","20020401","","","","","","","","","","","0","","B","","",""
"RXM","DERBYSHIRE HEALTHCARE NHS FOUNDATION TRUST","Y60","QJ2","TRUST HEADQUARTERS","KINGSWAY HOSPITAL","KINGSWAY","DERBY","","DE22 3LZ","20020401","","","","","","","","","","","0","","E","","",""
"RXN","LANCASHIRE TEACHING HOSPITALS NHS FOUNDATION TRUST","Y62","QE1","ROYAL PRESTON HOSPITAL","SHAROE GREEN LANE","FULWOOD","PRESTON","","PR2 9HT","20020801","","","","","","","","","","","0","","B","","",""
"RXP","COUNTY DURHAM AND DARLINGTON NHS FOUNDATION TRUST","Y63","QHM","DARLINGTON MEMORIAL HOSPITAL","HOLLYHURST ROAD","","DARLINGTON","","DL3 6HX","20021001","","","","","","","","","","","0","","A","","",""
"RXQ","BUCKINGHAMSHIRE HEALTHCARE NHS TRUST","Y59","QU9","AMERSHAM HOSPITAL","WHIELDEN STREET","","AMERSHAM","","HP7 0JD","20030401","","","","","","","","","","","0","","J","","",""
"RXR","EAST LANCASHIRE HOSPITALS NHS TRUST","Y62","QE1","ROYAL BLACKBURN HOSPITAL","HASLINGDEN ROAD","","BLACKBURN","","BB2 3HH","20030401","","","","","","","","","","","0","","B","","",""
"RXT","BIRMINGHAM AND SOLIHULL MENTAL HEALTH NHS FOUNDATION TRUST","Y60","QHL","UNIT 1","50 SUMMER HILL ROAD","","BIRMINGHAM","","B1 3RB","20030401","","","","","","","","","","","1","","F","","",""
"RXV","GREATER MANCHESTER MENTAL HEALTH NHS FOUNDATION TRUST","Y62","QOP","PRESTWICH HOSPITAL","BURY NEW ROAD","PRESTWICH","MANCHESTER","","M25 3BL","20030401","","","","","","","","","","","0","","B","","",""
"RXW","THE SHREWSBURY AND TELFORD HOSPITAL NHS TRUST","Y60","QOC","MYTTON OAK ROAD","","","SHREWSBURY","","SY3 8XQ","20031001","","","","","","","","","","","0","","F","","",""
"RXX","SURREY AND BORDERS PARTNERSHIP NHS FOUNDATION TRUST","Y59","QXU","18 MOLE BUSINESS PARK","RANDALLS ROAD","","LEATHERHEAD","","KT22 7AD","20050401","","","","","","","","","","","0","","J","","",""
"RXY","KENT AND MEDWAY NHS AND SOCIAL CARE PARTNERSHIP TRUST","Y59","QKS","FARM VILLA","HERMITAGE LANE","","MAIDSTONE","","ME16 9PH","20060401","","","","","","","","","","","0","","J","","",""
"RY2","BRIDGEWATER COMMUNITY HEALTHCARE NHS FOUNDATION TRUST","Y62","QYG","EUROPA POINT","EUROPA BOULEVARD","WESTBROOK","WARRINGTON","CHESHIRE","WA5 7TY","20101101","","","","","","","","","","","0","","B","","",""
"RY3","NORFOLK COMMUNITY HEALTH AND CARE NHS TRUST","Y61","QMM","NORWICH COMMUNITY HOSPITAL","BOWTHORPE ROAD","","NORWICH","","NR2 3TU","20101101","","","","","","","","","","","0","","G","","",""
"RY4","HERTFORDSHIRE COMMUNITY NHS TRUST","Y61","QM7","UNIT 1A HOWARD COURT","14 TEWIN ROAD","","WELWYN GARDEN CITY","HERTFORDSHIRE","AL7 1BW","20101101","","","","","","","","","","","0","","G","","",""
"RY5","LINCOLNSHIRE COMMUNITY HEALTH SERVICES NHS TRUST","Y60","QJM","BEECH HOUSE","WITHAM PARK","WATERSIDE SOUTH","LINCOLN","LINCOLNSHIRE","LN5 7JH","20110401","","","","","","","","","","","0","","E","","",""
"RY6","LEEDS COMMUNITY HEALTHCARE NHS TRUST","Y63","QWO","STOCKDALE HOUSE","8 VICTORIA ROAD","","LEEDS","","LS6 1PF","20110401","","","","","","","","","","","0","","D","","",""
"RY7","WIRRAL COMMUNITY HEALTH AND CARE NHS FOUNDATION TRUST","Y62","QYG","DERBY ROAD","","","BIRKENHEAD","","CH42 0LQ","20110401","","","","","","","","","","","0","","B","","",""
"RY8","DERBYSHIRE COMMUNITY HEALTH SERVICES NHS FOUNDATION TRUST","Y60","QJ2","TRUST HQ, ASH GREEN DISABILITY CTR","ASHGATE ROAD","ASHGATE","CHESTERFIELD","","S42 7JE","20110401","","","","","","","","","","","0","","E","","",""
"RY9","HOUNSLOW AND RICHMOND COMMUNITY HEALTHCARE NHS TRUST","Y56","QWE","THAMES HOUSE","180-194 HIGH STREET","","TEDDINGTON","","TW11 8HU","20110401","","","","","","","","","","","0","","H","","",""
"RYA","WEST MIDLANDS AMBULANCE SERVICE UNIVERSITY NHS FOUNDATION TRUST","Y60","QUA","MILLENNIUM POINT","WATERFRONT BUSINESS PARK","DUDLEY ROAD","BRIERLEY HILL","","DY5 1LX","20060701","","","","","","","","","","","0","","F","","",""
"RYC","EAST OF ENGLAND AMBULANCE SERVICE NHS TRUST","Y61","QUE","UNIT 3","WHITING WAY","MELBOURN","ROYSTON","","SG8 6NA","20060701","","","","","","","","","","","0","","G","","",""
"RYD","SOUTH EAST COAST AMBULANCE SERVICE NHS FOUNDATION TRUST","Y59","QNX","TRUST HEADQUARTERS","NEXUS HOUSE","4 GATWICK ROAD","CRAWLEY","","RH10 9BG","20060701","","","","","","","","","","","0","","J","","",""
"RYE","SOUTH CENTRAL AMBULANCE SERVICE NHS FOUNDATION TRUST","Y59","QU9","7-8 TALISMAN BUSINESS CENTRE","TALISMAN ROAD","","BICESTER","","OX26 6HR","20060701","","","","","","","","","","","0","","J","","",""
"RYF","SOUTH WESTERN AMBULANCE SERVICE NHS FOUNDATION TRUST","Y58","QJK","ABBEY COURT","EAGLE WAY","","EXETER","DEVON","EX2 7HY","20060701","","","","","","","","","","","0","","K","","",""
"RYG","COVENTRY AND WARWICKSHIRE PARTNERSHIP NHS TRUST","Y60","QWU","WAYSIDE HOUSE","WILSONS LANE","","COVENTRY","","CV6 6NY","20061001","","","","","","","","","","","0","","F","","",""
"RYJ","IMPERIAL COLLEGE HEALTHCARE NHS TRUST","Y56","QRV","THE BAYS","ST MARYS HOSPITAL","SOUTH WHARF ROAD","LONDON","","W2 1BL","20071001","","","","","","","","","","","0","","H","","",""
"RYK","DUDLEY INTEGRATED HEALTH AND CARE NHS TRUST","Y60","QUA","VENTURE WAY","","","BRIERLEY HILL","","DY5 1RU","20081001","","","","","","","","","","","0","","F","","",""
"RYR","UNIVERSITY HOSPITALS SUSSEX NHS FOUNDATION TRUST","Y59","QNX","WORTHING HOSPITAL","LYNDHURST ROAD","","WORTHING","","BN11 2DH","20090401","","","","","","","","","","","0","","J","","",""
"RYT","PUBLIC HEALTH WALES NHS TRUST","W00","Q99","2 CAPITAL QUARTER","TYNDALL STREET","","CARDIFF","","CF10 4BZ","20091001","","","","","","","","","","","0","","W","","",""
"RYV","CAMBRIDGESHIRE COMMUNITY SERVICES NHS TRUST","Y61","QUE","UNIT 7-8","MEADOW PARK","MEADOW LANE","ST. IVES","","PE27 4LG","20100401","","","","","","","","","","","0","","G","","",""
"RYW","BIRMINGHAM COMMUNITY HEALTHCARE NHS FOUNDATION TRUST","Y60","QHL","3 PRIESTLEY WHARF","HOLT STREET","BIRMINGHAM SCIENCE PARK, ASTON","BIRMINGHAM","","B7 4BN","20101101","","","","","","","","","","","0","","F","","",""
"RYX","CENTRAL LONDON COMMUNITY HEALTHCARE NHS TRUST","Y56","QRV","GROUND FLOOR","15 MARYLEBONE ROAD","","LONDON","","NW1 5JD","20101101","","","","","","","","","","","0","","H","","",""
"RYY","KENT COMMUNITY HEALTH NHS FOUNDATION TRUST","Y59","QKS","UNIT D","THE OAST","HERMITAGE LANE","MAIDSTONE","","ME16 9NT","20101101","","","","","","","","","","","0","","J","","",""
