{"nodes":[{"name":"A","id":"A","_row":"A"},{"name":"J","id":"J","_row":"J"},{"name":"B","id":"B","_row":"B"},{"name":"C","id":"C","_row":"C"},{"name":"D","id":"D","_row":"D"},{"name":"I","id":"I","_row":"I"},{"name":"E","id":"E","_row":"E"},{"name":"F","id":"F","_row":"F"},{"name":"G","id":"G","_row":"G"},{"name":"H","id":"H","_row":"H"}],"links":[{"source":"A","target":"B","importance":4},{"source":"A","target":"B","importance":2},{"source":"A","target":"C","importance":4},{"source":"A","target":"D","importance":2},{"source":"A","target":"J","importance":3},{"source":"A","target":"J","importance":3},{"source":"B","target":"E","importance":3},{"source":"B","target":"F","importance":4},{"source":"C","target":"G","importance":4},{"source":"C","target":"H","importance":4},{"source":"D","target":"I","importance":4},{"source":"I","target":"I","importance":4}],"attributes":{}}
